בזני מוסרן למליוך ששמו דומה לשמר אותן מתים ומתגלגלין	midrash.Ein_Yaakov.Khagigah.2		:::::::	:::::::
עמן ושטיו בעולם עד שיתמלאו שנותם ˙ א'ר' יוחנ' מניין ˙ [ל]	midrash.Ein_Yaakov.Khagigah.2		::::::midrash.Ein_Yaakov.Khagigah.2:::::::::	:::::::::::::::
לנשמות של מתים שמספרות דו עם זו ˙ שנ' ויאמר ײ אלי	midrash.Ein_Yaakov.Khagigah.2	II_Kings.2	midrash.Ein_Yaakov.Khagigah.2:::::::::midrash.Sifrei_Devarim.265::::::	:::::::::::::::
את הארץ אשר נשבעתי לאבותיך לאברהם ליצחק וליעקב לאמר :	midrash.Sifrei_Devarim.265	Deuteronomy.34	:::::::midrash.Sifrei_Devarim.265::::::::	:::::::::::::::
א'ל' המקום למשה לך ואמור להם לאברהם ליצחק וליעקב שבועה	midrash.Sifrei_Devarim.265	Deuteronomy.34	midrash.Sifrei_Devarim.265:::::::::::midrash.Yalkut_Shimoni_on_Torah.285:midrash.Yalkut_Shimoni_on_Nach.461:bavli.Berakhot.36:midrash.Midrash_Tanchuma.Masei.4:	:::::::::::midrash.Yalkut_Shimoni_on_Torah.276:midrash.Midrash_Tanchuma_Buber.Mishpatim.7:midrash.Yalkut_Shimoni_on_Torah.965:bavli.Berakhot.36:
שנשבעתי להם קיימתי לבניהם ˙ ו והפרחון פי' בערך חטף כי רוח	bavli.Berakhot.36		midrash.Yalkut_Shimoni_on_Nach.461:bavli.Berakhot.36:midrash.Midrash_Tanchuma.Masei.4:midrash.Midrash_Tanchuma.Masei.4:midrash.Midrash_Tanchuma_Buber.Masei.3:midrash.Midrash_Tanchuma_Buber.Masei.3:midrash.Midrash_Tanchuma_Buber.Masei.3:::::::::	midrash.Midrash_Tanchuma_Buber.Mishpatim.7:midrash.Yalkut_Shimoni_on_Torah.965:bavli.Berakhot.36:bavli.Berakhot.36:midrash.Midrash_Tanchuma.Masei.4:bavli.Berakhot.36:bavli.Berakhot.36:::::::::
מלפני יעטף פי' רוח ונשמות לפני יחלקו לגופות הנלדים ˙ ובחלק	bavli.Berakhot.36	Isaiah.57	:::::::::::::::	:::::::::::::::
מי יפתה את אחאב רוחו של נבות לפי שהרג אתנבות בלא דין [ו']	midrash.Midrash_Tehillim.63	II_Chronicles.18	:::::::midrash.Midrash_Tehillim.63:bavli.Shabbat.298:midrash.Yalkut_Shimoni_on_Nach.312::::::	::::::::midrash.Yalkut_Shimoni_on_Nach.221:::::::
ובלא ענן היה רוחו מחזר לפתותו ולהפילו וכתי' צא ממחיצתי זה	midrash.Midrash_Tehillim.63		::::::::::::midrash.Yalkut_Shimoni_on_Torah.315:::	:::::::::::::::
רוחו של בבות שנקם כעסו על אחאב ויצא ממחיצתו של מקום	midrash.Midrash_Tehillim.63	Exodus.2	::midrash.Yalkut_Shimoni_on_Torah.315::::minor_tractate.Avot_D'Rabbi_Natan.31:bavli.Shabbat.298:bavli.Ketubot.73::midrash.Yalkut_Shimoni_on_Nach.283:::::	::::::midrash.Yalkut_Shimoni_on_Nach.887:midrash.Yalkut_Shimoni_on_Nach.221:mishnah.Ketubot.1::midrash.Pesikta_D'Rav_Kahanna.15:::::
שנ' דובר שקרים לא יכון נגד ײ ˙ ר' מני בריה דר' יונה הוה [מי']	midrash.Midrash_Tehillim.63	I_Chronicles.20	:midrash.Yalkut_Shimoni_on_Nach.283:::::midrash.Sifrei_Devarim.343:midrash.Mekhilta_DeRabbi_Shimon_Bar_Yochai.Additions.3::::bavli.Bava_Batra.109:yerushalmi.Rosh_Hashanah.5:yerushalmi.Pesachim.51::	:midrash.Pesikta_D'Rav_Kahanna.15:::::yerushalmi.Pesachim.20:::::bavli.Niddah.88:yerushalmi.Beitzah.13:yerushalmi.Sukkah.16::
מצערי ליה ביה נשיאה אזל אשתטח אמערתא דאכזה	midrash.Ein_Yaakov.Taanit.3		:::bavli.Bava_Batra.109:yerushalmi.Rosh_Hashanah.5:yerushalmi.Pesachim.51::::bavli.Eruvin.151:::midrash.Ein_Yaakov.Taanit.3:bavli.Bava_Metzia.170:midrash.Ein_Yaakov.Taanit.3:	:::bavli.Niddah.88:yerushalmi.Beitzah.13:yerushalmi.Sukkah.16::::::::midrash.Ein_Yaakov.Bava Metzia.7::
אמא חד הוה חלפי להתם אבקוט כרעי דסוסוותהו ער דקבלו על	midrash.Ein_Yaakov.Taanit.3	Exodus.4	bavli.Eruvin.151:::midrash.Ein_Yaakov.Taanit.3:bavli.Bava_Metzia.170:midrash.Ein_Yaakov.Taanit.3:midrash.Ein_Yaakov.Taanit.3::yerushalmi.Niddah.4:bavli.Taanit.46:bavli.Taanit.46:bavli.Taanit.46:bavli.Taanit.46:bavli.Taanit.46::	::::midrash.Ein_Yaakov.Bava Metzia.7::::yerushalmi.Sanhedrin.24:midrash.Ein_Yaakov.Taanit.3::::midrash.Ein_Yaakov.Taanit.3::
עליה דלא מצערו ליה ˙ כת' כי החיים אדעים שימותו והמתי'	bavli.Taanit.46	Deuteronomy.13	bavli.Taanit.46:bavli.Taanit.46:bavli.Taanit.46:bavli.Taanit.46:bavli.Taanit.46:::midrash.Ein_Yaakov.Taanit.3:bavli.Berakhot.95:::::::	midrash.Ein_Yaakov.Taanit.3::::midrash.Ein_Yaakov.Taanit.3::::bavli.Taanit.46:::::::
אינם יודעים מאומה ודריש התם כצדיקי' ורשעים ˙	bavli.Taanit.46	Ecclesiastes.9	::midrash.Ein_Yaakov.Taanit.3:bavli.Berakhot.95::::::::::::	:::bavli.Taanit.46::::::::::::
מעשה בחסיד אחד שנתו דצר לעני בערב ראש רשנה בשני	bavli.Berakhot.36	Isaiah.9	::::::::midrash.Midrash_Tanchuma_Buber.Bereshit.27:bavli.Berakhot.36:bavli.Sanhedrin.83:::bavli.Berakhot.36:mishnah.Rosh_Hashanah.4:	::::::::bavli.Bava_Kamma.206:minor_tractate.Avot_D'Rabbi_Natan.3::::midrash.Ein_Yaakov.Berakhot.3:bavli.Berakhot.36:
בצרות והקניטתו אשתו ש והלך ולן בבית הקברות י [ש']	bavli.Berakhot.36		bavli.Sanhedrin.83:::bavli.Berakhot.36:mishnah.Rosh_Hashanah.4:bavli.Berakhot.36:bavli.Berakhot.36:bavli.Berakhot.36::::midrash.Sifrei_Devarim.172:yerushalmi.Terumot.3:bavli.Nedarim.7::	:::midrash.Ein_Yaakov.Berakhot.3:bavli.Berakhot.36:midrash.Ein_Yaakov.Berakhot.3:minor_tractate.Avot_D'Rabbi_Natan.3:minor_tractate.Avot_D'Rabbi_Natan.3::::bavli.Berakhot.36:yerushalmi.Gittin.76:::
שמע שני רוחות שמספרות זו עם זו אמ' לה חברתי בואי ונשוט	bavli.Berakhot.36	Ezekiel.16	:midrash.Sifrei_Devarim.172:yerushalmi.Terumot.3:bavli.Nedarim.7::::::bavli.Berakhot.36:bavli.Berakhot.36:bavli.Shevuot.11:yerushalmi.Bava_Kamma.40:bavli.Berakhot.36:bavli.Berakhot.36:	:bavli.Berakhot.36:yerushalmi.Gittin.76:::::::minor_tractate.Avot_D'Rabbi_Natan.3:midrash.Ein_Yaakov.Berakhot.3:bavli.Chullin.216:bavli.Sotah.68:minor_tractate.Avot_D'Rabbi_Natan.3:minor_tractate.Avot_D'Rabbi_Natan.3:
בעולם ˙ אמ' לה אינני יכולה שאבי מכוסה במחצלת של קנים אלא	bavli.Berakhot.36	Isaiah.13	bavli.Berakhot.36:bavli.Shevuot.11:yerushalmi.Bava_Kamma.40:bavli.Berakhot.36:bavli.Berakhot.36:bavli.Berakhot.36::midrash.Ein_Yaakov.Sukkah.2:midrash.Sifrei_Devarim.7:yerushalmi.Bava_Batra.8:bavli.Berakhot.36::::midrash.Midrash_Tanchuma_Buber.Emor.8:	midrash.Ein_Yaakov.Berakhot.3:bavli.Chullin.216:bavli.Sotah.68:minor_tractate.Avot_D'Rabbi_Natan.3:minor_tractate.Avot_D'Rabbi_Natan.3:minor_tractate.Avot_D'Rabbi_Natan.3:::tosefta.Shevuot.6:bavli.Bava_Batra.40:midrash.Ein_Yaakov.Berakhot.3::::bavli.Berakhot.36:
לכי את ומה שתשמעי בואי ותספרי לי הלכה ושמעה ואמרה	bavli.Berakhot.36	Psalms.86	yerushalmi.Bava_Batra.8:bavli.Berakhot.36::::midrash.Midrash_Tanchuma_Buber.Emor.8:bavli.Berakhot.36:bavli.Berakhot.36:midrash.Midrash_Tehillim.4:::::::	bavli.Bava_Batra.40:midrash.Ein_Yaakov.Berakhot.3::::bavli.Berakhot.36:minor_tractate.Avot_D'Rabbi_Natan.3:minor_tractate.Avot_D'Rabbi_Natan.3:midrash.Devarim_Rabbah.5:::::::
שמעתי מאחורי הפרגוד שכל הזורע בזריעה ראשונה ברד [י']	bavli.Berakhot.36		:::::::minor_tractate.Avot_D'Rabbi_Natan.3:bavli.Chagigah.29:::::::	::::::::bavli.Berakhot.36:::::::
מלקה ˙ מה עשה אותו האיש זרע בשנייה ˙ וכן עשה בשנה שניי'	bavli.Berakhot.36	I_Samuel.1	bavli.Chagigah.29::::::::::::::midrash.Mekhilta_DeRabbi_Shimon_Bar_Yochai..16:	bavli.Berakhot.36:::::::::::::::
ובשלישית נתגלה הדבר ואמ' חברתי דברים שבני לבצך נשמע	bavli.Berakhot.36		:::::midrash.Mekhilta_DeRabbi_Shimon_Bar_Yochai..16:::::::bavli.Berakhot.36::midrash.Sifrei_Devarim.306:	::::::::::::midrash.Yalkut_Shimoni_on_Nach.242:::
בין החיים אלמא דמתים יודעים עתידות : מעשה בועירי	bavli.Berakhot.36	Deuteronomy.1	::::bavli.Berakhot.36::midrash.Sifrei_Devarim.306::midrash.Yalkut_Shimoni_on_Torah.794:midrash.Pesikta_Rabbati.1::::::	::::midrash.Yalkut_Shimoni_on_Nach.242::::bavli.Berakhot.36:::::::
ראפקיד זודיה גבי אושפיזכניה עד דיותי ואזיל	bavli.Berakhot.36		:midrash.Yalkut_Shimoni_on_Torah.794:midrash.Pesikta_Rabbati.1::::::::::bavli.Berakhot.36::midrash.Ein_Yaakov.Taanit.3:	:bavli.Berakhot.36::::::::::::::
לבי רב שכיבא אושפי זכניה אזל בתריה לבית הקברות א'ל' זוזי	bavli.Berakhot.36		:bavli.Berakhot.36::midrash.Ein_Yaakov.Taanit.3::bavli.Ketubot.124:bavli.Berakhot.36:::::midrash.Yalkut_Shimoni_on_Torah.865::bavli.Ketubot.40::	:::::bavli.Chullin.190:midrash.Ein_Yaakov.Berakhot.3:::::::::
היבא א'ל' שקלינהו מתותיה ענורא דדשא ˙ ועוד מעש'	bavli.Berakhot.36		::midrash.Yalkut_Shimoni_on_Torah.865::bavli.Ketubot.40::::::bavli.Berakhot.36:bavli.Berakhot.36::::	:::::::::::::::
דאבוה דשמואל הוה מפקדי ליה זוזי דיתמי כי	bavli.Berakhot.36		::bavli.Berakhot.36:bavli.Berakhot.36::::::bavli.Yevamot.230:bavli.Berakhot.36:bavli.Bava_Kamma.234::bavli.Berakhot.36:bavli.Berakhot.36:	:::::::::bavli.Shabbat.216:midrash.Ein_Yaakov.Berakhot.3:::bavli.Bava_Metzia.58:midrash.Ein_Yaakov.Berakhot.3:
וח נפשיה לא הזה שמואל לגביה כי אתא שמואל הזה קרייה	bavli.Berakhot.36		bavli.Bava_Kamma.234::bavli.Berakhot.36:bavli.Berakhot.36:::midrash.Ein_Yaakov.Bava Metzia.7:bavli.Keritot.47:bavli.Berakhot.36:bavli.Berakhot.36::midrash.Yalkut_Shimoni_on_Nach.309:bavli.Avodah_Zarah.145:midrash.Yalkut_Shimoni_on_Nach.100::	::bavli.Bava_Metzia.58:midrash.Ein_Yaakov.Berakhot.3::::yerushalmi.Berakhot.134:midrash.Shir_HaShirim_Rabbah.1.8:midrash.Ein_Yaakov.Berakhot.3::bavli.Ketubot.123:bavli.Sukkah.34:bavli.Chullin.106::
ליה חדי גברא דאכיל זזזי דיתמי אדל שמואל לבית הקברות אמ'	bavli.Berakhot.36		midrash.Yalkut_Shimoni_on_Nach.309:bavli.Avodah_Zarah.145:midrash.Yalkut_Shimoni_on_Nach.100::::bavli.Shabbat.156:::bavli.Berakhot.36:bavli.Berakhot.36::midrash.Ruth_Rabbah..4::bavli.Sanhedrin.10:	bavli.Ketubot.123:bavli.Sukkah.34:bavli.Chullin.106::::bavli.Shabbat.157:::midrash.Ein_Yaakov.Berakhot.3:midrash.Ein_Yaakov.Berakhot.3::midrash.Tanna_Debei_Eliyahu_Rabbah.13::yerushalmi.Yevamot.56:
אבא היכא אמרו לו המתים טובא אבא איכא אבא בר אבא [א']	yerushalmi.Yevamot.56		midrash.Ruth_Rabbah..4::bavli.Sanhedrin.10:midrash.Pesikta_Rabbati.21:yerushalmi.Ketubot.12:bavli.Ketubot.79:midrash.Yalkut_Shimoni_on_Nach.594:midrash.Midrash_Tanchuma_Buber.Chukat.30:::bavli.Chagigah.35:midrash.Ein_Yaakov.Khullin.11:bavli.Gittin.164:bavli.Bava_Batra.43:midrash.Pesikta_D'Rav_Kahanna.17:	midrash.Tanna_Debei_Eliyahu_Rabbah.13::yerushalmi.Yevamot.56::bavli.Temurah.57:midrash.Ein_Yaakov.Sukkah.3:bavli.Shabbat.177:minor_tractate.Avot_D'Rabbi_Natan.6:::midrash.Ein_Yaakov.Berakhot.3:bavli.Ketubot.24:yerushalmi.Yevamot.48:bavli.Bava_Batra.333:midrash.Ein_Yaakov.Sanhedrin.10:
מבוה דשמוול אמר ליה סליק ליה למתבתא דרקיעא ˙ פ'ר'ש'י'	yerushalmi.Yevamot.56		bavli.Chagigah.35:midrash.Ein_Yaakov.Khullin.11:bavli.Gittin.164:bavli.Bava_Batra.43:midrash.Pesikta_D'Rav_Kahanna.17:::bavli.Beitzah.17:bavli.Eruvin.147:bavli.Pesachim.94:yerushalmi.Yoma.47:bavli.Yevamot.242:bavli.Sotah.14:::	midrash.Ein_Yaakov.Berakhot.3:bavli.Ketubot.24:yerushalmi.Yevamot.48:bavli.Bava_Batra.333:midrash.Ein_Yaakov.Sanhedrin.10:::bavli.Zevachim.16:bavli.Nedarim.12:bavli.Pesachim.6:bavli.Bava_Kamma.170::bavli.Makkot.22:::
	yerushalmi.Yevamot.56		midrash.Ein_Yaakov.Khullin.11:bavli.Gittin.164:bavli.Bava_Batra.43:midrash.Pesikta_D'Rav_Kahanna.17:::bavli.Beitzah.17:bavli.Eruvin.147:bavli.Pesachim.94:yerushalmi.Yoma.47:bavli.Yevamot.242:bavli.Sotah.14::::	bavli.Ketubot.24:yerushalmi.Yevamot.48:bavli.Bava_Batra.333:midrash.Ein_Yaakov.Sanhedrin.10:::bavli.Zevachim.16:bavli.Nedarim.12:bavli.Pesachim.6:bavli.Bava_Kamma.170::bavli.Makkot.22::::
שנגלו לו כאילו הם מקבריהם יושבים בע גולה חזייה שמואל [ל]	yerushalmi.Yevamot.56		bavli.Sotah.14:::::::yerushalmi.Bava_Metsia.12::::::::	bavli.Makkot.22:::::::yerushalmi.Sanhedrin.23::::::::
ללוי שהיה חברו דיתיב אבראי פי' חוץ לישיבה של שאר מתים	yerushalmi.Yevamot.56	Genesis.26	::::::midrash.Yalkut_Shimoni_on_Nach.589:::::::::	:::::::::::::::
א'ל' מאי טעמ' לא סליק א'ל' כל הנך שני דלא עילת למתינתא דר' [או]	yerushalmi.Yevamot.56	Deuteronomy.32	::::::bavli.Eruvin.205:bavli.Eruvin.169:::bavli.Berakhot.36:::::	::::::bavli.Beitzah.5:midrash.Pesikta_D'Rav_Kahanna.1:::bavli.Pesachim.167:::::
אפס כדאי' בכתובו פ' הנושא ˙ חזייה דהוה בכי וחייך ˙ אבוה דשמו'	yerushalmi.Yevamot.56	Jeremiah.28	::::::::::bavli.Berakhot.10:::::	::::::::::bavli.Berakhot.36:::::
א'ל' מאיטעמ' בכית א'ל' דמטא זימנך למיתה ומאי טעמ' חייכת	yerushalmi.Yevamot.56		bavli.Berakhot.10:::::::::::::yerushalmi.Shabbat.30::	bavli.Berakhot.36:::::::::::::::
דחשיבת כולי האי בעלמא ˙ וזוזי דיתמי זיל שקלינהו כו' ˙ ˙	yerushalmi.Yevamot.56	Lamentations.3	::yerushalmi.Shabbat.30::bavli.Berakhot.36::midrash.Ein_Yaakov.Sanhedrin.11:::::::::	::::midrash.Ein_Yaakov.Berakhot.3:::::::::::
מה היא הנפש ברכי נפשי אתיײי אמ' דוד הנפש שנתת	yerushalmi.Yevamot.56	Joshua.14	:::::::midrash.Yalkut_Shimoni_on_Nach.674::midrash.Midrash_Tehillim.104:::midrash.Yalkut_Shimoni_on_Nach.771:midrash.Midrash_Tehillim.103::	:::::::midrash.Yalkut_Shimoni_on_Torah.30::midrash.Midrash_Tehillim.18::::::
בי אין אדם יודע מקומה ואין אדם יודע	midrash.Midrash_Tehillim.103	II_Chronicles.6	midrash.Yalkut_Shimoni_on_Nach.674::midrash.Midrash_Tehillim.104:::midrash.Yalkut_Shimoni_on_Nach.771:midrash.Midrash_Tehillim.103::bavli.Taanit.44:bavli.Bekhorot.26:midrash.Yalkut_Shimoni_on_Torah.862:midrash.Midrash_Tehillim.103:::midrash.Yalkut_Shimoni_on_Nach.297:	midrash.Yalkut_Shimoni_on_Torah.30::midrash.Midrash_Tehillim.18::::::midrash.Tanna_Debei_Eliyahu_Rabbah.17:bavli.Shabbat.302:midrash.Midrash_Tanchuma_Buber.Vayakhel.1::::bavli.Pesachim.108:
מקומו של עולם ואפי' חיות הקדש שטוענות את כסאו או' ברוך	midrash.Midrash_Tehillim.103		midrash.Midrash_Tehillim.103:::midrash.Yalkut_Shimoni_on_Nach.297:midrash.Midrash_Tehillim.103::midrash.Yalkut_Shimoni_on_Torah.117:tosefta.Bava_Kamma.2:::midrash.Midrash_Tehillim.103:::::	:::bavli.Pesachim.108:::midrash.Yalkut_Shimoni_on_Nach.563:midrash.Tanna_Debei_Eliyahu_Rabbah.30::::::::
כבוד ײ ממקומו ˙ תנא נפש שהיא יחידה שאין אדם ידע את	midrash.Midrash_Tehillim.103	Judges.11	::midrash.Midrash_Tehillim.103::::::::midrash.Devarim_Rabbah.2:midrash.Vayikra_Rabbah.4::midrash.Yalkut_Shimoni_on_Nach.297:midrash.Midrash_Tanchuma_Buber.Vayakhel.1:	:::::::::::::bavli.Pesachim.108:midrash.Pirkei_DeRabbi_Eliezer.2:
מקומה ותקלם למקום שהוא יחיד ואין אדם אדע את מקומו ˙ ˙	midrash.Midrash_Tanchuma_Buber.Tazria.7	II_Chronicles.5	:midrash.Devarim_Rabbah.2:midrash.Vayikra_Rabbah.4::midrash.Yalkut_Shimoni_on_Nach.297:midrash.Midrash_Tanchuma_Buber.Vayakhel.1::::midrash.Yalkut_Shimoni_on_Torah.521:midrash.Midrash_Tanchuma_Buber.Shemot.14:midrash.Yalkut_Shimoni_on_Torah.77:midrash.Yalkut_Shimoni_on_Torah.491:midrash.Midrash_Tanchuma_Buber.Tazria.7::	::::bavli.Pesachim.108:midrash.Pirkei_DeRabbi_Eliezer.2:::::midrash.Midrash_Tanchuma_Buber.Vayera.21::midrash.Yalkut_Shimoni_on_Torah.114:midrash.Sifrei_Devarim.325::
ביעשה באדם אחד ששאל את ר'ג' באיזה מקום ﭏהיבם [נ']	midrash.Midrash_Tanchuma_Buber.Tazria.7	I_Kings.19	midrash.Yalkut_Shimoni_on_Torah.521:midrash.Midrash_Tanchuma_Buber.Shemot.14:midrash.Yalkut_Shimoni_on_Torah.77:midrash.Yalkut_Shimoni_on_Torah.491:midrash.Midrash_Tanchuma_Buber.Tazria.7:::::midrash.Midrash_Tanchuma_Buber.Balak.24::::::	:midrash.Midrash_Tanchuma_Buber.Vayera.21::midrash.Yalkut_Shimoni_on_Torah.114:midrash.Sifrei_Devarim.325:::::midrash.Shir_HaShirim_Rabbah.1.14::::::
כתוו א'ל' איני יודע ˙ א'ל' זו היא תפלתכם וחכמתכם	midrash.Midrash_Tehillim.103	Ecclesiastes.11	midrash.Midrash_Tanchuma_Buber.Balak.24:::::::::::::midrash.Yalkut_Shimoni_on_Nach.587:midrash.Midrash_Tehillim.103:	midrash.Shir_HaShirim_Rabbah.1.14:::::::::::::midrash.Midrash_Tehillim.103::
שאתם מתפללין לפניו בכל אם ואם ואין אתם יודעין את מקומו א'ל'	midrash.Midrash_Tehillim.103	Job.33	:::midrash.Yalkut_Shimoni_on_Nach.587:midrash.Midrash_Tehillim.103:midrash.Midrash_Tehillim.103:midrash.Yalkut_Shimoni_on_Nach.857:midrash.Midrash_Tanchuma_Buber.Ki Tavo.3:midrash.Yalkut_Shimoni_on_Nach.857:mishnah.Keritot.4:mishnah.Niddah.4:midrash.Yalkut_Shimoni_on_Nach.857:midrash.Sifrei_Devarim.57:midrash.Yalkut_Shimoni_on_Nach.563::	:::midrash.Midrash_Tehillim.103:::midrash.Midrash_Tehillim.103:midrash.Yalkut_Shimoni_on_Nach.857:midrash.Midrash_Tehillim.103:yerushalmi.Horayot.26:yerushalmi.Niddah.24:midrash.Midrash_Tehillim.103:midrash.Midrash_Tanchuma_Buber.Sh'lach.12:midrash.Yalkut_Shimoni_on_Torah.117::
זה דבר ששאלת רחוק ממנו ג' אלפים וה' מאות שנה מהלך אדם	midrash.Midrash_Tehillim.103	I_Kings.20	mishnah.Keritot.4:mishnah.Niddah.4:midrash.Yalkut_Shimoni_on_Nach.857:midrash.Sifrei_Devarim.57:midrash.Yalkut_Shimoni_on_Nach.563::::midrash.Sifrei_Bamidbar.69:midrash.Sifrei_Bamidbar.69:midrash.Midrash_Tehillim.103:midrash.Midrash_Tanchuma_Buber.Chukat.47:midrash.Tanna_Debei_Eliyahu_Rabbah.31:midrash.Sifrei_Devarim.352:yerushalmi.Berakhot.9:	yerushalmi.Horayot.26:yerushalmi.Niddah.24:midrash.Midrash_Tehillim.103:midrash.Midrash_Tanchuma_Buber.Sh'lach.12:midrash.Yalkut_Shimoni_on_Torah.117::::midrash.Yalkut_Shimoni_on_Torah.721:midrash.Yalkut_Shimoni_on_Torah.721::midrash.Yalkut_Shimoni_on_Nach.857::midrash.Tanna_Debei_Eliyahu_Rabbah.31:yerushalmi.Berakhot.125:
ביעני ˙ אבל או' לך דבר שהוא אצלך באם ובלילה אמור לי באיזה	midrash.Tanna_Debei_Eliyahu_Rabbah.31	Genesis.44	midrash.Tanna_Debei_Eliyahu_Rabbah.31:midrash.Sifrei_Devarim.352:yerushalmi.Berakhot.9:::::midrash.Midrash_Tanchuma_Buber.Kedoshim.13:midrash.Midrash_Tanchuma_Buber.Tazria.7:midrash.Yalkut_Shimoni_on_Nach.857:midrash.Yalkut_Shimoni_on_Nach.960:::bavli.Rosh_Hashanah.37:bavli.Tamid.63:	:midrash.Tanna_Debei_Eliyahu_Rabbah.31:yerushalmi.Berakhot.125:::::midrash.Pesikta_D'Rav_Kahanna.14:yerushalmi.Beitzah.19:midrash.Midrash_Tehillim.103::::bavli.Taanit.35:midrash.Ein_Yaakov.Tamid.4:
מקום הוא וזה הנפש שהוא נתונה בגופך ואין אתה יודע היכן	midrash.Ein_Yaakov.Tamid.4		::bavli.Rosh_Hashanah.37:bavli.Tamid.63:midrash.Yalkut_Shimoni_on_Torah.900:midrash.Midrash_Tehillim.103:midrash.Yalkut_Shimoni_on_Torah.561::::midrash.Midrash_Tanchuma_Buber.Toldot.4:::midrash.Midrash_Tanchuma.Toldot.13:midrash.Yalkut_Shimoni_on_Torah.397:	::bavli.Taanit.35:midrash.Ein_Yaakov.Tamid.4:midrash.Sifrei_Devarim.124:midrash.Sifrei_Devarim.13:midrash.Shemot_Rabbah.26:::::::midrash.Midrash_Tanchuma_Buber.Bechukotai.4:bavli.Sanhedrin.12:
היא א'ל' איני אדע אל רג' תיפח נפשיה דההוא גברא ˙ ומה נפש [ו]	bavli.Bava_Metzia.171		midrash.Yalkut_Shimoni_on_Torah.397:midrash.Midrash_Tanchuma.Beshalach.20:tosefta.Pesachim.10:::yerushalmi.Yevamot.134:bavli.Gittin.163:midrash.Midrash_Tanchuma_Buber.Appendix to Korach.1::bavli.Bava_Metzia.171:bavli.Bava_Metzia.171:::::	bavli.Sanhedrin.12:tosefta.Sanhedrin.1::::bavli.Yevamot.184:yerushalmi.Gittin.81:::midrash.Ein_Yaakov.Bava Metzia.7:bavli.Avodah_Zarah.82:::::
שהיא איצלך אמם ולילה איו אתה יודע היכן היא הק' על אחת [כ']	midrash.Yalkut_Shimoni_on_Torah.397	Proverbs.6	:::::::bavli.Zevachim.136:midrash.Yalkut_Shimoni_on_Torah.233:midrash.Yalkut_Shimoni_on_Torah.397:midrash.Yalkut_Shimoni_on_Torah.397:midrash.Midrash_Tanchuma.Beshalach.20:midrash.Mekhilta_DeRabbi_Shimon_Bar_Yochai..20:midrash.Yalkut_Shimoni_on_Nach.336::	:::::::midrash.Tanna_Debei_Eliyahu_Rabbah.24::midrash.Midrash_Tanchuma_Buber.Vayishlach.23:bavli.Sanhedrin.12:tosefta.Sanhedrin.1::midrash.Seder_Olam_Rabbah..20::
כמה וכמה אל א'כ' יפה אנו עושין שאנו משתחוים למעשה ידינן	midrash.Yalkut_Shimoni_on_Nach.857		midrash.Midrash_Tanchuma.Beshalach.20:midrash.Mekhilta_DeRabbi_Shimon_Bar_Yochai..20:midrash.Yalkut_Shimoni_on_Nach.336::::midrash.Midrash_Tanchuma_Buber.Devarim.2:midrash.Yalkut_Shimoni_on_Torah.637:::midrash.Yalkut_Shimoni_on_Nach.857:midrash.Yalkut_Shimoni_on_Nach.857:midrash.Yalkut_Shimoni_on_Nach.857:midrash.Yalkut_Shimoni_on_Nach.857:midrash.Yalkut_Shimoni_on_Nach.857:	tosefta.Sanhedrin.1::midrash.Seder_Olam_Rabbah..20::::midrash.Midrash_Tanchuma_Buber.Chukat.17::::::::midrash.Midrash_Tehillim.103:
שבכל שנה אנו רואים אותו ˙ א'ל' קג' תיפח נפשך מעשה ידיכם [א']	midrash.Yalkut_Shimoni_on_Nach.857		midrash.Yalkut_Shimoni_on_Nach.857:midrash.Yalkut_Shimoni_on_Nach.857:midrash.Yalkut_Shimoni_on_Nach.857::yerushalmi.Berakhot.119::mishnah.Chullin.6:::::::::	:midrash.Midrash_Tehillim.103:::midrash.Pesikta_Rabbati.12::tosefta.Chullin.5:::::::::
אתם רואים אותם זהם אינם רואים אתכם והק' הוא רואה אותנו	midrash.Yalkut_Shimoni_on_Nach.857		::::::midrash.Midrash_Tanchuma_Buber.Ki Tavo.4:yerushalmi.Makkot.7:midrash.Midrash_Tanchuma_Buber.Vayeshev.7:bavli.Bava_Batra.198:midrash.Yalkut_Shimoni_on_Nach.857::::midrash.Midrash_Tanchuma_Buber.Bechukotai.5:	::::::midrash.Midrash_Tanchuma.Ki Tavo.2:bavli.Makkot.12:yerushalmi.Demai.45:midrash.Midrash_Mishlei.16:midrash.Midrash_Tehillim.103::::midrash.Midrash_Tanchuma.Bechukotai.3:
ואין אנחנו יכולא לראותו מפני כבודו דכ' כי לא יראני האדם וחי :	midrash.Yalkut_Shimoni_on_Nach.857	Exodus.33	bavli.Bava_Batra.198:midrash.Yalkut_Shimoni_on_Nach.857::::midrash.Midrash_Tanchuma_Buber.Bechukotai.5:midrash.Yalkut_Shimoni_on_Nach.22::::midrash.Yalkut_Shimoni_on_Nach.730:::::	midrash.Midrash_Mishlei.16:midrash.Midrash_Tehillim.103::::midrash.Midrash_Tanchuma.Bechukotai.3:::::minor_tractate.Tractate_Kallah_Rabbati.6:::::
שאל אנטונונוס את ר' גמ ונשמה יכוליו ליפטר מיום הדין ˙ [כיצ']	midrash.Midrash_Tanchuma_Buber.Miketz.11	Deuteronomy.18	::::::midrash.Yalkut_Shimoni_on_Nach.368:yerushalmi.Sanhedrin.106:::midrash.Ein_Yaakov.Sanhedrin.11:::midrash.Ein_Yaakov.Sotah.1::	::::::midrash.Midrash_Tanchuma_Buber.Miketz.11:::::::::
גוף או' מה שחטאתי על ידי הנשמה שמיום שפרשה	midrash.Ein_Yaakov.Sanhedrin.11	Leviticus.26	::midrash.Ein_Yaakov.Sanhedrin.11:::midrash.Ein_Yaakov.Sotah.1::::::yerushalmi.Nazir.40:::bavli.Sanhedrin.181:	:::::::::::yerushalmi.Shekalim.17:::midrash.Ein_Yaakov.Sanhedrin.11:
ממני לא עשיתי מאומה הריני מוטל כאבן בקבר ˙ ונשמה יאמר [ג']	midrash.Ein_Yaakov.Sanhedrin.11	Genesis.40	yerushalmi.Nazir.40:::bavli.Sanhedrin.181:bavli.Sanhedrin.181:midrash.Pirkei_DeRabbi_Eliezer.54:midrash.Midrash_Tanchuma_Buber.Masei.8:::bavli.Sanhedrin.181:bavli.Sanhedrin.181:::::	yerushalmi.Shekalim.17:::midrash.Ein_Yaakov.Sanhedrin.11:midrash.Ein_Yaakov.Sanhedrin.11::minor_tractate.Avot_D'Rabbi_Natan.16:::bavli.Avodah_Zarah.16:midrash.Ein_Yaakov.Sanhedrin.11:::::
גוף חטא שמיום שנפרדתי ממנן אני הייתי פורח באויר כצפור ˙	midrash.Ein_Yaakov.Sanhedrin.11		::::::bavli.Sanhedrin.181:midrash.Ein_Yaakov.Sanhedrin.11:midrash.Ein_Yaakov.Sanhedrin.11::midrash.Yalkut_Shimoni_on_Nach.942:::bavli.Sanhedrin.181::	::::::midrash.Yalkut_Shimoni_on_Nach.760:::::::midrash.Ein_Yaakov.Sanhedrin.11::
א'ל' ר' יומשול לך משל למה הדבר דומה למלך בשר ודם שהיה לו	midrash.Ein_Yaakov.Sanhedrin.11	II_Samuel.3	:bavli.Sanhedrin.181:::::midrash.Yalkut_Shimoni_on_Torah.289:midrash.Ein_Yaakov.Avodah Zarah.4:midrash.Midrash_Tanchuma.Pinchas.4:midrash.Yalkut_Shimoni_on_Nach.1020:midrash.Midrash_Tanchuma_Buber.Lech Lecha.26:midrash.Yalkut_Shimoni_on_Torah.288:midrash.Midrash_Tanchuma_Buber.Vaera.7:midrash.Midrash_Tanchuma_Buber.Bamidbar.22:midrash.Midrash_Tanchuma.Achrei Mot.11:	:midrash.Ein_Yaakov.Sanhedrin.11:::::bavli.Ketubot.19:midrash.Yalkut_Shimoni_on_Torah.289:midrash.Midrash_Tanchuma.Chukat.10:midrash.Midrash_Tanchuma.Pinchas.4:midrash.Midrash_Tanchuma_Buber.Ki Tisa.10:midrash.Yalkut_Shimoni_on_Torah.733:midrash.Midrash_Tanchuma.Vaera.8:bavli.Sukkah.59:midrash.Midrash_Tanchuma_Buber.Achrei Mot.17:
פרדס נאה והושיב בו שני שומרין אחד חגר ואחד סומא ˙ אם	midrash.Midrash_Tanchuma_Buber.Vayikra.12		midrash.Midrash_Tanchuma_Buber.Vaera.7:midrash.Midrash_Tanchuma_Buber.Bamidbar.22:midrash.Midrash_Tanchuma.Achrei Mot.11:midrash.Midrash_Tanchuma_Buber.Nasso.17:bavli.Sanhedrin.181:midrash.Yalkut_Shimoni_on_Torah.243:midrash.Yalkut_Shimoni_on_Torah.243:bavli.Sanhedrin.182:bavli.Sanhedrin.182:midrash.Midrash_Tanchuma_Buber.Nasso.9:midrash.Midrash_Tanchuma_Buber.Vayikra.12:bavli.Yevamot.95:midrash.Midrash_Tanchuma_Buber.Vayikra.12:::	midrash.Midrash_Tanchuma.Vaera.8:bavli.Sukkah.59:midrash.Midrash_Tanchuma_Buber.Achrei Mot.17:midrash.Midrash_Tanchuma_Buber.Vayikra.12:midrash.Yalkut_Shimoni_on_Nach.760::midrash.Midrash_Tehillim.92:midrash.Yalkut_Shimoni_on_Nach.760:mishnah.Tamid.7:midrash.Midrash_Tanchuma_Buber.Vayikra.12:bavli.Sanhedrin.182:bavli.Pesachim.42:bavli.Sanhedrin.182:::
אחד אמ' חגד לסומא בכורות נאות אני רואה בפרדס בא ונרכב	midrash.Midrash_Tanchuma_Buber.Vayikra.12	Judges.9	midrash.Midrash_Tanchuma_Buber.Nasso.9:midrash.Midrash_Tanchuma_Buber.Vayikra.12:bavli.Yevamot.95:midrash.Midrash_Tanchuma_Buber.Vayikra.12:::midrash.Sifrei_Bamidbar.75:midrash.Vayikra_Rabbah.4:midrash.Yalkut_Shimoni_on_Nach.760:midrash.Midrash_Tanchuma_Buber.Vayikra.12:midrash.Midrash_Tanchuma_Buber.Vayikra.12:midrash.Midrash_Tanchuma_Buber.Vayikra.12:midrash.Midrash_Tanchuma_Buber.Vayikra.12:midrash.Midrash_Tanchuma_Buber.Vayikra.12::	midrash.Midrash_Tanchuma_Buber.Vayikra.12:bavli.Sanhedrin.182:bavli.Pesachim.42:bavli.Sanhedrin.182:::midrash.Yalkut_Shimoni_on_Torah.855:midrash.Mekhilta_DeRabbi_Shimon_Bar_Yochai..15:midrash.Yalkut_Shimoni_on_Torah.464:bavli.Sanhedrin.182:bavli.Sanhedrin.182:bavli.Sanhedrin.182:bavli.Sanhedrin.182:bavli.Sanhedrin.182::
עליך ונבקש ונביאם ובוכלם רכב חגר על הסומא והביאום ואכלום	bavli.Sanhedrin.182		midrash.Midrash_Tanchuma_Buber.Vayikra.12:midrash.Midrash_Tanchuma_Buber.Vayikra.12:midrash.Midrash_Tanchuma_Buber.Vayikra.12:midrash.Midrash_Tanchuma_Buber.Vayikra.12::midrash.Midrash_Tanchuma.Shmini.2::::::midrash.Midrash_Tanchuma_Buber.Vayikra.12:midrash.Midrash_Tanchuma_Buber.Vayikra.12:bavli.Sanhedrin.182:bavli.Sanhedrin.182:	bavli.Sanhedrin.182:bavli.Sanhedrin.182:bavli.Sanhedrin.182:bavli.Sanhedrin.182::::::::bavli.Sanhedrin.182:midrash.Midrash_Tanchuma.Vayikra.6:midrash.Yalkut_Shimoni_on_Nach.760:midrash.Yalkut_Shimoni_on_Nach.760:
לימים ביא המלך אמ' לתם בכורות נאות היכן הם ענה חגר כלום	bavli.Sanhedrin.182		midrash.Midrash_Tanchuma_Buber.Vayikra.12:bavli.Sanhedrin.182:bavli.Sanhedrin.182:bavli.Sanhedrin.182:::bavli.Nedarim.55:midrash.Yalkut_Shimoni_on_Nach.624:midrash.Ein_Yaakov.Sanhedrin.11:midrash.Ein_Yaakov.Sanhedrin.11:bavli.Sanhedrin.182:bavli.Sanhedrin.182:bavli.Menachot.60::midrash.Sifrei_Devarim.110:	midrash.Midrash_Tanchuma.Vayikra.6:midrash.Yalkut_Shimoni_on_Nach.760:midrash.Yalkut_Shimoni_on_Nach.760:midrash.Yalkut_Shimoni_on_Nach.760:::midrash.Ein_Yaakov.Megillah.1:bavli.Pesachim.176:::midrash.Yalkut_Shimoni_on_Nach.760:midrash.Yalkut_Shimoni_on_Nach.760:midrash.Pirkei_DeRabbi_Eliezer.10::tosefta.Tohorot.9:
	bavli.Sanhedrin.182		bavli.Sanhedrin.182:bavli.Sanhedrin.182:bavli.Sanhedrin.182:::bavli.Nedarim.55:midrash.Yalkut_Shimoni_on_Nach.624:midrash.Ein_Yaakov.Sanhedrin.11:midrash.Ein_Yaakov.Sanhedrin.11:bavli.Sanhedrin.182:bavli.Sanhedrin.182:bavli.Menachot.60::midrash.Sifrei_Devarim.110::	midrash.Yalkut_Shimoni_on_Nach.760:midrash.Yalkut_Shimoni_on_Nach.760:midrash.Yalkut_Shimoni_on_Nach.760:::midrash.Ein_Yaakov.Megillah.1:bavli.Pesachim.176:::midrash.Yalkut_Shimoni_on_Nach.760:midrash.Yalkut_Shimoni_on_Nach.760:midrash.Pirkei_DeRabbi_Eliezer.10::tosefta.Tohorot.9::
	bavli.Sanhedrin.182		bavli.Sanhedrin.182:bavli.Sanhedrin.182:::bavli.Nedarim.55:midrash.Yalkut_Shimoni_on_Nach.624:midrash.Ein_Yaakov.Sanhedrin.11:midrash.Ein_Yaakov.Sanhedrin.11:bavli.Sanhedrin.182:bavli.Sanhedrin.182:bavli.Menachot.60::midrash.Sifrei_Devarim.110:::	midrash.Yalkut_Shimoni_on_Nach.760:midrash.Yalkut_Shimoni_on_Nach.760:::midrash.Ein_Yaakov.Megillah.1:bavli.Pesachim.176:::midrash.Yalkut_Shimoni_on_Nach.760:midrash.Yalkut_Shimoni_on_Nach.760:midrash.Pirkei_DeRabbi_Eliezer.10::tosefta.Tohorot.9:::
	bavli.Sanhedrin.182		bavli.Sanhedrin.182:::bavli.Nedarim.55:midrash.Yalkut_Shimoni_on_Nach.624:midrash.Ein_Yaakov.Sanhedrin.11:midrash.Ein_Yaakov.Sanhedrin.11:bavli.Sanhedrin.182:bavli.Sanhedrin.182:bavli.Menachot.60::midrash.Sifrei_Devarim.110::::	midrash.Yalkut_Shimoni_on_Nach.760:::midrash.Ein_Yaakov.Megillah.1:bavli.Pesachim.176:::midrash.Yalkut_Shimoni_on_Nach.760:midrash.Yalkut_Shimoni_on_Nach.760:midrash.Pirkei_DeRabbi_Eliezer.10::tosefta.Tohorot.9::::
	bavli.Sanhedrin.182		::bavli.Nedarim.55:midrash.Yalkut_Shimoni_on_Nach.624:midrash.Ein_Yaakov.Sanhedrin.11:midrash.Ein_Yaakov.Sanhedrin.11:bavli.Sanhedrin.182:bavli.Sanhedrin.182:bavli.Menachot.60::midrash.Sifrei_Devarim.110:::::	::midrash.Ein_Yaakov.Megillah.1:bavli.Pesachim.176:::midrash.Yalkut_Shimoni_on_Nach.760:midrash.Yalkut_Shimoni_on_Nach.760:midrash.Pirkei_DeRabbi_Eliezer.10::tosefta.Tohorot.9:::::
	bavli.Sanhedrin.182		:bavli.Nedarim.55:midrash.Yalkut_Shimoni_on_Nach.624:midrash.Ein_Yaakov.Sanhedrin.11:midrash.Ein_Yaakov.Sanhedrin.11:bavli.Sanhedrin.182:bavli.Sanhedrin.182:bavli.Menachot.60::midrash.Sifrei_Devarim.110::::::	:midrash.Ein_Yaakov.Megillah.1:bavli.Pesachim.176:::midrash.Yalkut_Shimoni_on_Nach.760:midrash.Yalkut_Shimoni_on_Nach.760:midrash.Pirkei_DeRabbi_Eliezer.10::tosefta.Tohorot.9::::::
	bavli.Sanhedrin.182		bavli.Nedarim.55:midrash.Yalkut_Shimoni_on_Nach.624:midrash.Ein_Yaakov.Sanhedrin.11:midrash.Ein_Yaakov.Sanhedrin.11:bavli.Sanhedrin.182:bavli.Sanhedrin.182:bavli.Menachot.60::midrash.Sifrei_Devarim.110:::::::	midrash.Ein_Yaakov.Megillah.1:bavli.Pesachim.176:::midrash.Yalkut_Shimoni_on_Nach.760:midrash.Yalkut_Shimoni_on_Nach.760:midrash.Pirkei_DeRabbi_Eliezer.10::tosefta.Tohorot.9:::::::
	bavli.Sanhedrin.182		midrash.Yalkut_Shimoni_on_Nach.624:midrash.Ein_Yaakov.Sanhedrin.11:midrash.Ein_Yaakov.Sanhedrin.11:bavli.Sanhedrin.182:bavli.Sanhedrin.182:bavli.Menachot.60::midrash.Sifrei_Devarim.110::::::::	bavli.Pesachim.176:::midrash.Yalkut_Shimoni_on_Nach.760:midrash.Yalkut_Shimoni_on_Nach.760:midrash.Pirkei_DeRabbi_Eliezer.10::tosefta.Tohorot.9::::::::
	bavli.Sanhedrin.182		midrash.Ein_Yaakov.Sanhedrin.11:midrash.Ein_Yaakov.Sanhedrin.11:bavli.Sanhedrin.182:bavli.Sanhedrin.182:bavli.Menachot.60::midrash.Sifrei_Devarim.110:::::::::	::midrash.Yalkut_Shimoni_on_Nach.760:midrash.Yalkut_Shimoni_on_Nach.760:midrash.Pirkei_DeRabbi_Eliezer.10::tosefta.Tohorot.9:::::::::
	bavli.Sanhedrin.182		midrash.Ein_Yaakov.Sanhedrin.11:bavli.Sanhedrin.182:bavli.Sanhedrin.182:bavli.Menachot.60::midrash.Sifrei_Devarim.110::::::::::	:midrash.Yalkut_Shimoni_on_Nach.760:midrash.Yalkut_Shimoni_on_Nach.760:midrash.Pirkei_DeRabbi_Eliezer.10::tosefta.Tohorot.9::::::::::
יש לי רגלים ˙ וכן הסומא כלום יש לי עינים מה עשה הרכיב חגר על	bavli.Sanhedrin.182	Leviticus.27	:::midrash.Kohelet_Rabbah.1.4::midrash.Sifrei_Bamidbar.107:::bavli.Sanhedrin.182:midrash.Kohelet_Rabbah.1.4:midrash.Midrash_Tanchuma_Buber.Matot.6:midrash.Yalkut_Shimoni_on_Torah.396:bavli.Sanhedrin.182:bavli.Sanhedrin.182:midrash.Midrash_Tanchuma_Buber.Vayikra.12:	:::midrash.Midrash_Tanchuma_Buber.Vayikra.12:::::midrash.Yalkut_Shimoni_on_Nach.760:midrash.Yalkut_Shimoni_on_Nach.672:midrash.Midrash_Tanchuma_Buber.Sh'lach.6:midrash.Midrash_Tanchuma.Balak.4:midrash.Yalkut_Shimoni_on_Torah.464:midrash.Yalkut_Shimoni_on_Torah.464:bavli.Sanhedrin.182:
הסומא ודן אותם כאחד ˙ כך יעשה המקום ליום הדין מביא הנשמ'	bavli.Sanhedrin.182	Jeremiah.19	bavli.Sanhedrin.182:midrash.Kohelet_Rabbah.1.4:midrash.Midrash_Tanchuma_Buber.Matot.6:midrash.Yalkut_Shimoni_on_Torah.396:bavli.Sanhedrin.182:bavli.Sanhedrin.182:midrash.Midrash_Tanchuma_Buber.Vayikra.12:midrash.Midrash_Tanchuma_Buber.Vayikra.12:midrash.Midrash_Tanchuma_Buber.Vayikra.12:midrash.Midrash_Tanchuma_Buber.Vayikra.12:midrash.Midrash_Tanchuma_Buber.Vayikra.12:::::	midrash.Yalkut_Shimoni_on_Nach.760:midrash.Yalkut_Shimoni_on_Nach.672:midrash.Midrash_Tanchuma_Buber.Sh'lach.6:midrash.Midrash_Tanchuma.Balak.4:midrash.Yalkut_Shimoni_on_Torah.464:midrash.Yalkut_Shimoni_on_Torah.464:bavli.Sanhedrin.182:midrash.Midrash_Tanchuma.Vayikra.6:bavli.Sanhedrin.182:bavli.Sanhedrin.182:bavli.Sanhedrin.182:::::
וזורק בתוך הגוף ודן אותם שנ' יקרא אל השמים מעל זו נשמה	bavli.Sanhedrin.182	Psalms.50	midrash.Midrash_Tanchuma_Buber.Vayikra.12:midrash.Midrash_Tanchuma_Buber.Vayikra.12:midrash.Midrash_Tanchuma_Buber.Vayikra.12:::::midrash.Midrash_Tanchuma.Vayikra.6::::bavli.Sanhedrin.182::midrash.Midrash_Tanchuma_Buber.Vayikra.12:midrash.Midrash_Tanchuma_Buber.Vayikra.12:	bavli.Sanhedrin.182:bavli.Sanhedrin.182:bavli.Sanhedrin.182:::::midrash.Ein_Yaakov.Sanhedrin.11::::midrash.Ein_Yaakov.Sanhedrin.11::midrash.Yalkut_Shimoni_on_Nach.610:bavli.Sanhedrin.182:
ואל הארץ לדין עמו זה הגוף ˙ אל תשכח כל גמוליו ˙ כך אמ'	bavli.Sanhedrin.182	Genesis.3	midrash.Midrash_Tanchuma.Vayikra.6::::bavli.Sanhedrin.182::midrash.Midrash_Tanchuma_Buber.Vayikra.12:midrash.Midrash_Tanchuma_Buber.Vayikra.12:midrash.Midrash_Tanchuma_Buber.Vayikra.12:midrash.Midrash_Tanchuma_Buber.Vayikra.12:midrash.Midrash_Tanchuma_Buber.Vayikra.12::midrash.Pesikta_D'Rav_Kahanna.17:::	midrash.Ein_Yaakov.Sanhedrin.11::::midrash.Ein_Yaakov.Sanhedrin.11::midrash.Yalkut_Shimoni_on_Nach.610:bavli.Sanhedrin.182:bavli.Sanhedrin.182:bavli.Sanhedrin.182:bavli.Sanhedrin.182:::::
דוד לפני המקום ˙ רבונו של עולם כבוד גדול עשית לי שעשי'	midrash.Pesikta_Rabbati.23	I_Chronicles.23	:midrash.Pesikta_D'Rav_Kahanna.17:::midrash.Yalkut_Shimoni_on_Nach.778::midrash.Ein_Yaakov.Niddah.2:::midrash.Midrash_Aggadah.Genesis.1.16:midrash.Midrash_Tanchuma_Buber.Tzav.12:midrash.Pesikta_Rabbati.23:::midrash.Shemot_Rabbah.34:	::::midrash.Yalkut_Shimoni_on_Nach.670:::::midrash.Yalkut_Shimoni_on_Torah.392:midrash.Midrash_Tanchuma_Buber.Lech Lecha.11:::::
לאמי דדים במקום בינה פי' סמוך ללב ˙ ד'א' שלא יינק במקום הטנופת	bavli.Berakhot.19		:midrash.Shemot_Rabbah.34::::midrash.Yalkut_Shimoni_on_Nach.857::::::::midrash.Yalkut_Shimoni_on_Nach.857:midrash.Yalkut_Shimoni_on_Nach.857:	:::::bavli.Berakhot.19::::::::bavli.Berakhot.19:bavli.Berakhot.19:
פי' כמ' שעשית לבהמה ˙ ר' שמעון בן פזי הוה מסדר אגדתא ק'	midrash.Yalkut_Shimoni_on_Nach.857	Genesis.20	:midrash.Yalkut_Shimoni_on_Nach.857:midrash.Yalkut_Shimoni_on_Nach.857::::::midrash.Sifrei_Bamidbar.116:midrash.Ein_Yaakov.Kinnim.3:yerushalmi.Chagigah.24:bavli.Pesachim.51:midrash.Yalkut_Shimoni_on_Nach.857:midrash.Yalkut_Shimoni_on_Nach.857::	:bavli.Berakhot.19:bavli.Berakhot.19:::::::midrash.Pesikta_D'Rav_Kahanna.7:yerushalmi.Ketubot.139:midrash.Yalkut_Shimoni_on_Nach.1002:yerushalmi.Shekalim.52:bavli.Yoma.76::
קמיה דר' יהושו' בן לוי ואמ' מאי דכ' וכל קרבי את	midrash.Yalkut_Shimoni_on_Nach.857	Psalms.103	midrash.Ein_Yaakov.Kinnim.3:yerushalmi.Chagigah.24:bavli.Pesachim.51:midrash.Yalkut_Shimoni_on_Nach.857:midrash.Yalkut_Shimoni_on_Nach.857:::bavli.Sukkah.57:bavli.Gittin.10:yerushalmi.Gittin.5:bavli.Ketubot.113:midrash.Midrash_Tanchuma_Buber.Vayeshev.9:bavli.Nazir.12:bavli.Bekhorot.116::	midrash.Pesikta_D'Rav_Kahanna.7:yerushalmi.Ketubot.139:midrash.Yalkut_Shimoni_on_Nach.1002:yerushalmi.Shekalim.52:bavli.Yoma.76:::bavli.Megillah.37::bavli.Gittin.10:yerushalmi.Gittin.5:midrash.Yalkut_Shimoni_on_Nach.821:bavli.Nedarim.63:midrash.Yalkut_Shimoni_on_Torah.680::
שם קדשו ˙ בא וראה שלא כמדת הק' מדת בשר ודם ˙ אדם צר צורה	midrash.Yalkut_Shimoni_on_Torah.946	Ecclesiastes.6	midrash.Midrash_Tanchuma_Buber.Vayeshev.9:bavli.Nazir.12:bavli.Bekhorot.116::::midrash.Midrash_Tanchuma.Beshalach.23:midrash.Midrash_Tanchuma_Buber.Tazria.11:midrash.Yalkut_Shimoni_on_Torah.946:midrash.Yalkut_Shimoni_on_Torah.946:midrash.Yalkut_Shimoni_on_Nach.83:midrash.Ein_Yaakov.Nazir.9::midrash.Ein_Yaakov.Nedarim.3:midrash.Midrash_Tanchuma.Tazria.2:	midrash.Yalkut_Shimoni_on_Nach.821:bavli.Nedarim.63:midrash.Yalkut_Shimoni_on_Torah.680::::midrash.Yalkut_Shimoni_on_Nach.898:midrash.Yalkut_Shimoni_on_Torah.813:::midrash.Yalkut_Shimoni_on_Torah.250::::midrash.Midrash_Tanchuma_Buber.Tazria.3:
על גבי כותל אינו יכול להטיל בו רוח ונשמה קריביים ובני מעיים ˙ אבל	midrash.Yalkut_Shimoni_on_Nach.83		midrash.Midrash_Tanchuma.Tazria.2:midrash.Midrash_Tanchuma.Tazria.2:midrash.Yalkut_Shimoni_on_Nach.83:bavli.Shabbat.9::yerushalmi.Yevamot.1:bavli.Bava_Kamma.55:midrash.Yalkut_Shimoni_on_Nach.856:midrash.Yalkut_Shimoni_on_Nach.856:bavli.Megillah.27:midrash.Yalkut_Shimoni_on_Nach.83:midrash.Yalkut_Shimoni_on_Nach.83:midrash.Yalkut_Shimoni_on_Nach.856:::	midrash.Midrash_Tanchuma_Buber.Tazria.3:midrash.Midrash_Tanchuma_Buber.Tazria.3:bavli.Megillah.27:midrash.Yalkut_Shimoni_on_Nach.83::midrash.Yalkut_Shimoni_on_Nach.527:midrash.Midrash_Tanchuma_Buber.Nitzavim.8:midrash.Yalkut_Shimoni_on_Nach.83:midrash.Yalkut_Shimoni_on_Nach.83:midrash.Midrash_Tanchuma.Tazria.2:bavli.Megillah.27:bavli.Megillah.27:midrash.Yalkut_Shimoni_on_Nach.83:::
המקום צר צורה בתוך צורה ונותן בה רוח ונשמה קריבים ובני מעיי'	midrash.Yalkut_Shimoni_on_Nach.83	Isaiah.37	midrash.Yalkut_Shimoni_on_Nach.83:midrash.Yalkut_Shimoni_on_Nach.856:::::yerushalmi.Shabbat.101:midrash.Midrash_Tanchuma_Buber.Tazria.3:midrash.Midrash_Tanchuma.Tazria.2:midrash.Yalkut_Shimoni_on_Nach.888::bavli.Megillah.27:midrash.Yalkut_Shimoni_on_Nach.83:midrash.Yalkut_Shimoni_on_Nach.83:midrash.Ein_Yaakov.Megillah.1:	bavli.Megillah.27:midrash.Yalkut_Shimoni_on_Nach.83::::::midrash.Midrash_Tanchuma.Tazria.2:midrash.Yalkut_Shimoni_on_Nach.83:::midrash.Midrash_Tanchuma.Tazria.2:bavli.Megillah.27:bavli.Megillah.27::
והיינו דאמ' חנה אין צור כﭏהינו אין צייר כﭏהינו ˙ הני חמשה	midrash.Midrash_Tanchuma.Tazria.2	Ezekiel.48	midrash.Yalkut_Shimoni_on_Nach.888::bavli.Megillah.27:midrash.Yalkut_Shimoni_on_Nach.83:midrash.Yalkut_Shimoni_on_Nach.83:midrash.Ein_Yaakov.Megillah.1::::midrash.Yalkut_Shimoni_on_Nach.887:midrash.Midrash_Tanchuma_Buber.Tazria.3:midrash.Midrash_Tanchuma_Buber.Tazria.3:midrash.Midrash_Tanchuma_Buber.Tazria.3:::	::midrash.Midrash_Tanchuma.Tazria.2:bavli.Megillah.27:bavli.Megillah.27::::::midrash.Midrash_Tanchuma.Tazria.2:midrash.Midrash_Tanchuma.Tazria.2:midrash.Midrash_Tanchuma.Tazria.2:::
ברכי נפשי כנגד המקום שיש בו חמשה דברים מלא כל העול'	bavli.Berakhot.19		midrash.Midrash_Tanchuma_Buber.Tazria.3:midrash.Midrash_Tanchuma_Buber.Tazria.3:::bavli.Berakhot.19:bavli.Berakhot.19:midrash.Yalkut_Shimoni_on_Nach.857::bavli.Berakhot.38:bavli.Rosh_Hashanah.58:midrash.Yalkut_Shimoni_on_Nach.857:midrash.Yalkut_Shimoni_on_Nach.857::bavli.Kiddushin.5:midrash.Midrash_Tanchuma_Buber.Nitzavim.5:	midrash.Midrash_Tanchuma.Tazria.2:midrash.Midrash_Tanchuma.Tazria.2:::::bavli.Berakhot.19::bavli.Shevuot.60:bavli.Bava_Batra.259:yerushalmi.Eiruvin.71:bavli.Berakhot.19::bavli.Chullin.8:midrash.Yalkut_Shimoni_on_Torah.7:
וכן הנשמה מלא הגוף ˙ המקום רואה ואינו נראה אף הנשמה רואה	midrash.Yalkut_Shimoni_on_Nach.857	Proverbs.3	bavli.Rosh_Hashanah.58:midrash.Yalkut_Shimoni_on_Nach.857:midrash.Yalkut_Shimoni_on_Nach.857::bavli.Kiddushin.5:midrash.Midrash_Tanchuma_Buber.Nitzavim.5:midrash.Ein_Yaakov.Shevuot.1:midrash.Midrash_Tanchuma.Noach.15::::minor_tractate.Avot_D'Rabbi_Natan.40:midrash.Yalkut_Shimoni_on_Nach.857:midrash.Yalkut_Shimoni_on_Nach.857:midrash.Yalkut_Shimoni_on_Nach.857:	bavli.Bava_Batra.259:yerushalmi.Eiruvin.71:bavli.Berakhot.19::bavli.Chullin.8:midrash.Yalkut_Shimoni_on_Torah.7:midrash.Yalkut_Shimoni_on_Nach.499:midrash.Yalkut_Shimoni_on_Nach.857::::midrash.Midrash_Tanchuma.Sh'lach.1:yerushalmi.Avodah_Zarah.50:midrash.Yalkut_Shimoni_on_Torah.300:bavli.Berakhot.19:
ואינו נראה ˙ המקום זן את כל העולם אף הנשמה זנה את הגוף ˙ המק'	midrash.Yalkut_Shimoni_on_Nach.857	Ezekiel.11	:minor_tractate.Avot_D'Rabbi_Natan.40:midrash.Yalkut_Shimoni_on_Nach.857:midrash.Yalkut_Shimoni_on_Nach.857:midrash.Yalkut_Shimoni_on_Nach.857:midrash.Yalkut_Shimoni_on_Nach.857:minor_tractate.Avot_D'Rabbi_Natan.40:::yerushalmi.Bava_Batra.43:midrash.Midrash_Tanchuma.Noach.12:midrash.Yalkut_Shimoni_on_Nach.857:midrash.Yalkut_Shimoni_on_Nach.857:midrash.Yalkut_Shimoni_on_Nach.857::	:midrash.Midrash_Tanchuma.Sh'lach.1:yerushalmi.Avodah_Zarah.50:midrash.Yalkut_Shimoni_on_Torah.300:bavli.Berakhot.19:bavli.Berakhot.19:midrash.Midrash_Tanchuma.Sh'lach.1:::midrash.Sifrei_Devarim.311:midrash.Yalkut_Shimoni_on_Nach.857:bavli.Berakhot.19:bavli.Berakhot.19:bavli.Berakhot.19::
המקום טהור והנשמה טהורה יושב בחדרי חדרים אף הנשמה ˙ ת'	midrash.Yalkut_Shimoni_on_Nach.857		midrash.Yalkut_Shimoni_on_Nach.857:midrash.Yalkut_Shimoni_on_Nach.857:midrash.Yalkut_Shimoni_on_Nach.857:::::midrash.Yalkut_Shimoni_on_Nach.857:midrash.Yalkut_Shimoni_on_Nach.857:midrash.Yalkut_Shimoni_on_Nach.857:midrash.Yalkut_Shimoni_on_Nach.857:midrash.Yalkut_Shimoni_on_Nach.857:midrash.Yalkut_Shimoni_on_Nach.857:::	bavli.Berakhot.19:bavli.Berakhot.19:bavli.Berakhot.19:::::midrash.Yalkut_Shimoni_on_Nach.464::midrash.Ein_Yaakov.Berakhot.1:bavli.Berakhot.19:bavli.Berakhot.19:bavli.Berakhot.19:::
תבא נשמה שיש בו ה' דברים ותשבח להק'ב'ה' שיש בו ה' דברים אי'	midrash.Yalkut_Shimoni_on_Nach.857	Genesis.22	::midrash.Yalkut_Shimoni_on_Nach.857:midrash.Yalkut_Shimoni_on_Nach.857:midrash.Yalkut_Shimoni_on_Nach.857:midrash.Yalkut_Shimoni_on_Nach.857:midrash.Yalkut_Shimoni_on_Nach.857:midrash.Yalkut_Shimoni_on_Nach.857:::midrash.Yalkut_Shimoni_on_Nach.857:midrash.Yalkut_Shimoni_on_Nach.857::::	::midrash.Yalkut_Shimoni_on_Nach.464::midrash.Ein_Yaakov.Berakhot.1:bavli.Berakhot.19:bavli.Berakhot.19:bavli.Berakhot.19::::bavli.Shabbat.214::::
אילו ˙ כל המסתכל באילו ארבעה דברים רתוי הוא כאילו	midrash.Yalkut_Shimoni_on_Nach.857	Genesis.45	:midrash.Yalkut_Shimoni_on_Nach.857:midrash.Yalkut_Shimoni_on_Nach.857::::midrash.Sifrei_Bamidbar.90::::::yerushalmi.Chagigah.15::midrash.Pirkei_DeRabbi_Eliezer.11:	::bavli.Shabbat.214::::::::::mishnah.Chagigah.2:::
לא בא לעולם ˙ ואילו הן מה למטה ומה למעלה מה לפנים	yerushalmi.Chagigah.15		yerushalmi.Chagigah.15::midrash.Pirkei_DeRabbi_Eliezer.11:bavli.Eruvin.82:yerushalmi.Yevamot.148:yerushalmi.Chagigah.15::::midrash.Sifrei_Devarim.209:bavli.Meilah.13:bavli.Meilah.13:midrash.Midrash_Tanchuma_Buber.Ki Tisa.14:bavli.Shevuot.11:bavli.Chagigah.22:	mishnah.Chagigah.2:::yerushalmi.Eiruvin.95:yerushalmi.Chagigah.15:mishnah.Chagigah.2::::mishnah.Demai.6:midrash.Kohelet_Rabbah.1.18:bavli.Chagigah.22:midrash.Yalkut_Shimoni_on_Nach.306:yerushalmi.Kilayim.40:bavli.Tamid.63:
מה לאחור פי' רתוי כמ' ראוי וטוב ממנו הנפל כך פי' בערוך ˙ ור'ש'י'	bavli.Chagigah.22	Ecclesiastes.6	bavli.Meilah.13:midrash.Midrash_Tanchuma_Buber.Ki Tisa.14:bavli.Shevuot.11:bavli.Chagigah.22:bavli.Chagigah.22:yerushalmi.Sanhedrin.68:::yerushalmi.Makkot.3:::::::	bavli.Chagigah.22:midrash.Yalkut_Shimoni_on_Nach.306:yerushalmi.Kilayim.40:bavli.Tamid.63:bavli.Tamid.63::::yerushalmi.Shevi'it.56:::::::
פי' יפה וטוב היה לו שלא בא לעולם ˙ מה למעלה מן השמים כדכתי'	bavli.Chagigah.22	Jeremiah.6	::::::::midrash.Midrash_Tehillim.146:bavli.Nedarim.170::midrash.Pesikta_D'Rav_Kahanna.10:bavli.Chagigah.22:midrash.Midrash_Tanchuma_Buber.Tzav.16:midrash.Shemot_Rabbah.25:	::::::::midrash.Tanna_Debei_Eliyahu_Rabbah.7:bavli.Bava_Batra.314::midrash.Pesikta_D'Rav_Kahanna.2:midrash.Midrash_Tanchuma_Buber.Tzav.2:yerushalmi.Chagigah.19::
בספר בן סירא במופלא ממך אל תדרוש ובמכוסה ממך אל תחקור	bavli.Chagigah.25		midrash.Pesikta_D'Rav_Kahanna.10:bavli.Chagigah.22:midrash.Midrash_Tanchuma_Buber.Tzav.16:midrash.Shemot_Rabbah.25::bavli.Bava_Batra.196:bavli.Bava_Batra.196:bavli.Chagigah.25:bavli.Chagigah.25:bavli.Chagigah.25:bavli.Chagigah.25:bavli.Chagigah.25:bavli.Chagigah.25:bavli.Chagigah.25:bavli.Chagigah.25:	midrash.Pesikta_D'Rav_Kahanna.2:midrash.Midrash_Tanchuma_Buber.Tzav.2:yerushalmi.Chagigah.19:::bavli.Niddah.32:bavli.Bava_Batra.291:midrash.Yalkut_Shimoni_on_Nach.339:midrash.Yalkut_Shimoni_on_Nach.339:midrash.Yalkut_Shimoni_on_Nach.339:midrash.Yalkut_Shimoni_on_Nach.339:midrash.Yalkut_Shimoni_on_Nach.339:midrash.Yalkut_Shimoni_on_Nach.339:midrash.Yalkut_Shimoni_on_Nach.907:midrash.Yalkut_Shimoni_on_Nach.907:
במה שהורשת התבונן אין חקר בנסתרות ˙ במופלא ממך זה שלא	bavli.Chagigah.25		bavli.Chagigah.25:bavli.Chagigah.25:bavli.Chagigah.25:bavli.Chagigah.25:bavli.Chagigah.25:bavli.Chagigah.25:bavli.Chagigah.25:bavli.Chagigah.25:::::::midrash.Midrash_Tanchuma_Buber.Chukat.13:	midrash.Yalkut_Shimoni_on_Nach.339:midrash.Yalkut_Shimoni_on_Nach.339:midrash.Yalkut_Shimoni_on_Nach.907:midrash.Yalkut_Shimoni_on_Nach.907:midrash.Ein_Yaakov.Khagigah.2:midrash.Yalkut_Shimoni_on_Nach.339:midrash.Yalkut_Shimoni_on_Nach.339:midrash.Yalkut_Shimoni_on_Nach.339:::::::midrash.Yalkut_Shimoni_on_Nach.178:
רצה המקום לגלות מה לך לחקור ˙ במה שהורשת במעשה דרך א'	bavli.Beitzah.65		::midrash.Midrash_Tanchuma_Buber.Chukat.13:midrash.Sifrei_Devarim.110:mishnah.Eruvin.5:::bavli.Beitzah.65:bavli.Gittin.125:::::::	::midrash.Yalkut_Shimoni_on_Nach.178:midrash.Midrash_Tanchuma_Buber.Lech Lecha.6::::bavli.Ketubot.74:yerushalmi.Kilayim.30:::::::
ארץ ובתלמוד תורה ובמעשה בראשית התבונן ˙ מה לפנים חוץ	bavli.Beitzah.65	Exodus.33	bavli.Gittin.125:::::::midrash.Sifrei_Devarim.188:midrash.Yalkut_Shimoni_on_Torah.212:midrash.Bemidbar_Rabbah.14:::::bavli.Zevachim.215:	yerushalmi.Kilayim.30:::::::midrash.Yalkut_Shimoni_on_Nach.639:::::::tosefta.Shabbat.18:
למחיצת הקרקע למזרח ולצפון ולדרום ˙ ומה לאחור למערב ˙ ושמעת'	bavli.Beitzah.65		:::bavli.Zevachim.215:::::midrash.Yalkut_Shimoni_on_Torah.426:::::::	:::tosefta.Shabbat.18:::::midrash.Midrash_Mishlei.20:::::::
עוד רתוי כמ' בני אהרן הנותרים ˙ ודריש בת'כ' ר' אליעז' או' ראויים היו	bavli.Beitzah.65	Leviticus.10	::::midrash.Yalkut_Shimoni_on_Torah.413::midrash.Midrash_Tehillim.19::::midrash.Yalkut_Shimoni_on_Torah.653:midrash.Midrash_Tehillim.114:yerushalmi.Shabbat.142:::	::::::midrash.Vayikra_Rabbah.20::::::bavli.Keritot.48:::
לישרף אלא שריתה הכתו' לאהרן וזהו לרחמים כך פי' הערוך כלומר	bavli.Beitzah.65		midrash.Midrash_Tehillim.114:yerushalmi.Shabbat.142::::midrash.Yalkut_Shimoni_on_Torah.530::bavli.Zevachim.78::::::::	:bavli.Keritot.48::::::yerushalmi.Peah.40::::::::
מרוחם היה ˙ וכן רתוי שלא בא לעולם כלומ' מרוחם היה אם לא בא לנ	bavli.Beitzah.65	Deuteronomy.23	::::::::midrash.Eichah_Rabbah..3:bavli.Chagigah.31:bavli.Nedarim.170::::yerushalmi.Ta'anit.49:	:::::::::mishnah.Chagigah.2:bavli.Bava_Batra.314:::::
לעולם: תנו רבנן שלשה הובאו לדין לפני ה'	bavli.Pesachim.226		midrash.Eichah_Rabbah..3:bavli.Chagigah.31:bavli.Nedarim.170::::yerushalmi.Ta'anit.49:midrash.Midrash_Tanchuma_Buber.Matot.1:midrash.Yalkut_Shimoni_on_Nach.828:bavli.Gittin.146:bavli.Pesachim.83::::midrash.Midrash_Tanchuma_Buber.Achrei Mot.13:	:mishnah.Chagigah.2:bavli.Bava_Batra.314:::::midrash.Yalkut_Shimoni_on_Torah.363:bavli.Eruvin.36:bavli.Arakhin.66:bavli.Pesachim.226:::::
המקום ואילו הן עני ועשיר ורשע	bavli.Pesachim.226		yerushalmi.Ta'anit.49:midrash.Midrash_Tanchuma_Buber.Matot.1:midrash.Yalkut_Shimoni_on_Nach.828:bavli.Gittin.146:bavli.Pesachim.83::::midrash.Midrash_Tanchuma_Buber.Achrei Mot.13:midrash.Sifrei_Devarim.106::midrash.Sifrei_Devarim.309:bavli.Bava_Kamma.171:midrash.Sifrei_Devarim.78:midrash.Midrash_Tanchuma_Buber.Behar.5:	:midrash.Yalkut_Shimoni_on_Torah.363:bavli.Eruvin.36:bavli.Arakhin.66:bavli.Pesachim.226:::::midrash.Sifrei_Bamidbar.11::mishnah.Sheviit.3:bavli.Pesachim.17:midrash.Yalkut_Shimoni_on_Torah.441:midrash.Midrash_Tanchuma.Behar.2:
או' לעני למה לא עסקת בתורה א'ל' טרוד היה במזונותי או' לו כלום היית	bavli.Yoma.70		midrash.Midrash_Tanchuma_Buber.Behar.5::::bavli.Menachot.19:bavli.Berakhot.19:bavli.Yoma.70:::::::midrash.Pesikta_D'Rav_Kahanna.15:bavli.Yoma.70:	midrash.Midrash_Tanchuma.Behar.2::::bavli.Bava_Kamma.132:bavli.Kiddushin.140:midrash.Midrash_Tanchuma.Pinchas.11::::::::midrash.Yalkut_Shimoni_on_Torah.145:
	bavli.Yoma.70		:::bavli.Menachot.19:bavli.Berakhot.19:bavli.Yoma.70:::::::midrash.Pesikta_D'Rav_Kahanna.15:bavli.Yoma.70::	:::bavli.Bava_Kamma.132:bavli.Kiddushin.140:midrash.Midrash_Tanchuma.Pinchas.11::::::::midrash.Yalkut_Shimoni_on_Torah.145::
	bavli.Yoma.70		::bavli.Menachot.19:bavli.Berakhot.19:bavli.Yoma.70:::::::midrash.Pesikta_D'Rav_Kahanna.15:bavli.Yoma.70:::	::bavli.Bava_Kamma.132:bavli.Kiddushin.140:midrash.Midrash_Tanchuma.Pinchas.11::::::::midrash.Yalkut_Shimoni_on_Torah.145:::
	bavli.Yoma.70		:bavli.Menachot.19:bavli.Berakhot.19:bavli.Yoma.70:::::::midrash.Pesikta_D'Rav_Kahanna.15:bavli.Yoma.70::::	:bavli.Bava_Kamma.132:bavli.Kiddushin.140:midrash.Midrash_Tanchuma.Pinchas.11::::::::midrash.Yalkut_Shimoni_on_Torah.145::::
	bavli.Yoma.70		bavli.Menachot.19:bavli.Berakhot.19:bavli.Yoma.70:::::::midrash.Pesikta_D'Rav_Kahanna.15:bavli.Yoma.70:::::	bavli.Bava_Kamma.132:bavli.Kiddushin.140:midrash.Midrash_Tanchuma.Pinchas.11::::::::midrash.Yalkut_Shimoni_on_Torah.145:::::
	bavli.Yoma.70		bavli.Berakhot.19:bavli.Yoma.70:::::::midrash.Pesikta_D'Rav_Kahanna.15:bavli.Yoma.70::::::	bavli.Kiddushin.140:midrash.Midrash_Tanchuma.Pinchas.11::::::::midrash.Yalkut_Shimoni_on_Torah.145::::::
	bavli.Yoma.70		bavli.Yoma.70:::::::midrash.Pesikta_D'Rav_Kahanna.15:bavli.Yoma.70:::::::	midrash.Midrash_Tanchuma.Pinchas.11::::::::midrash.Yalkut_Shimoni_on_Torah.145:::::::
	bavli.Yoma.70		::::::midrash.Pesikta_D'Rav_Kahanna.15:bavli.Yoma.70::::::::	:::::::midrash.Yalkut_Shimoni_on_Torah.145::::::::
	bavli.Yoma.70		:::::midrash.Pesikta_D'Rav_Kahanna.15:bavli.Yoma.70:::::::::	::::::midrash.Yalkut_Shimoni_on_Torah.145:::::::::
	bavli.Yoma.70		::::midrash.Pesikta_D'Rav_Kahanna.15:bavli.Yoma.70::::::::::	:::::midrash.Yalkut_Shimoni_on_Torah.145::::::::::
	bavli.Yoma.70		:::midrash.Pesikta_D'Rav_Kahanna.15:bavli.Yoma.70:::::::::::	::::midrash.Yalkut_Shimoni_on_Torah.145:::::::::::
	bavli.Yoma.70		::midrash.Pesikta_D'Rav_Kahanna.15:bavli.Yoma.70::::::::::::	:::midrash.Yalkut_Shimoni_on_Torah.145::::::::::::
	bavli.Yoma.70		:midrash.Pesikta_D'Rav_Kahanna.15:bavli.Yoma.70:::::::::::::	::midrash.Yalkut_Shimoni_on_Torah.145:::::::::::::
	bavli.Yoma.70		midrash.Pesikta_D'Rav_Kahanna.15:bavli.Yoma.70::::::::::::::	:midrash.Yalkut_Shimoni_on_Torah.145::::::::::::::
	bavli.Yoma.70		bavli.Yoma.70:::::::::::::::	midrash.Yalkut_Shimoni_on_Torah.145:::::::::::::::
	bavli.Yoma.70		:::::::::::::::	:::::::::::::::
	bavli.Yoma.70		:::::::::::::::	:::::::::::::::
עני יותר מהילל הזקן ˙ אמרו עליו על הילל הזקן שבכל יום ויום היה	bavli.Yoma.70	II_Kings.9	::::::bavli.Yoma.70::::midrash.Ein_Yaakov.Ketubbot.2:bavli.Zevachim.157:bavli.Zevachim.157:bavli.Yoma.70:bavli.Yoma.70:	::::::midrash.Ein_Yaakov.Yoma.3::::midrash.Ein_Yaakov.Khullin.1:bavli.Pesachim.229:bavli.Nedarim.18:midrash.Ein_Yaakov.Yoma.3:midrash.Ein_Yaakov.Yoma.3:
משתכר בשני טרפקיעין פי' מיני מטבע ˙ חצי נותן לשומר בית ה	bavli.Yoma.70		bavli.Zevachim.157:bavli.Yoma.70:bavli.Yoma.70:bavli.Yoma.70:::::::::bavli.Yoma.70:bavli.Yoma.70:yerushalmi.Pesachim.112:	bavli.Nedarim.18:midrash.Ein_Yaakov.Yoma.3:midrash.Ein_Yaakov.Yoma.3:midrash.Yalkut_Shimoni_on_Torah.145:::::::::midrash.Ein_Yaakov.Yoma.3:midrash.Yalkut_Shimoni_on_Nach.695:midrash.Yalkut_Shimoni_on_Torah.359:
המדרש וחצי האחר מתפרנס הוא ובני ביתו ˙ פעם אחת לא מו'	bavli.Yoma.70	Joshua.22	:::::bavli.Yoma.70:bavli.Yoma.70:yerushalmi.Pesachim.112::::::midrash.Midrash_Tanchuma_Buber.Re'eh.7:midrash.Midrash_Tanchuma_Buber.Re'eh.7:	:::::midrash.Ein_Yaakov.Yoma.3:midrash.Yalkut_Shimoni_on_Nach.695:midrash.Yalkut_Shimoni_on_Torah.359::::::midrash.Midrash_Tanchuma.Re'eh.10:yerushalmi.Eiruvin.83:
מצא להשתכר ולא הניחו שומר בית המדרש ליכנס עלה לגג נתלה	bavli.Yoma.70	Jeremiah.46	:::midrash.Midrash_Tanchuma_Buber.Re'eh.7:midrash.Midrash_Tanchuma_Buber.Re'eh.7::bavli.Yoma.70:bavli.Yoma.70:bavli.Yoma.70:bavli.Yoma.70:bavli.Yoma.70:bavli.Yoma.70:bavli.Yoma.70:::	:::midrash.Midrash_Tanchuma.Re'eh.10:yerushalmi.Eiruvin.83::midrash.Ein_Yaakov.Yoma.3:midrash.Ein_Yaakov.Yoma.3:midrash.Yalkut_Shimoni_on_Torah.234:midrash.Ein_Yaakov.Yoma.3:midrash.Ein_Yaakov.Yoma.3:bavli.Shabbat.33:midrash.Ein_Yaakov.Yoma.3:::
בלילה וישב על גבי ארובה כדי שישמע דברי ﭏהים חיים מפי שמעי'	bavli.Yoma.70	Judges.2	bavli.Yoma.70:bavli.Yoma.70::::::midrash.Ein_Yaakov.Menakhot.4:tosefta.Ohalot.11::bavli.Yoma.70:bavli.Yoma.70:bavli.Yoma.70:bavli.Yoma.70:bavli.Yoma.70:	bavli.Shabbat.33:midrash.Ein_Yaakov.Yoma.3::::::bavli.Menachot.87:tosefta.Kelim_Kamma.6::midrash.Ein_Yaakov.Yoma.3:midrash.Ein_Yaakov.Yoma.3:midrash.Ein_Yaakov.Yoma.3:midrash.Ein_Yaakov.Yoma.3:midrash.Ein_Yaakov.Yoma.3:
ואבטליון ואותו היום ערב שבת היה ותקופת טבת ירד עליו השלג	bavli.Yoma.70		bavli.Yoma.70:bavli.Yoma.70:bavli.Yoma.70:bavli.Yoma.70:yerushalmi.Shabbat.173:bavli.Yoma.70:bavli.Yoma.70:yerushalmi.Ketubot.130:yerushalmi.Ketubot.130:yerushalmi.Moed_Kattan.25:bavli.Yoma.70:bavli.Yoma.70:bavli.Yoma.70:bavli.Yoma.70:bavli.Yoma.70:	midrash.Ein_Yaakov.Yoma.3:midrash.Ein_Yaakov.Yoma.3:midrash.Ein_Yaakov.Yoma.3:midrash.Ein_Yaakov.Yoma.3:bavli.Beitzah.49:midrash.Ein_Yaakov.Yoma.3:midrash.Ein_Yaakov.Yoma.3:bavli.Shabbat.175:bavli.Shabbat.175:yerushalmi.Demai.33:midrash.Ein_Yaakov.Yoma.3:midrash.Ein_Yaakov.Yoma.3:midrash.Ein_Yaakov.Yoma.3:midrash.Ein_Yaakov.Yoma.3:midrash.Ein_Yaakov.Yoma.3:
כיון שעלה עמוד השחר אמ' שמעיה לאבטליון אבטליון אחי בכל יום	bavli.Yoma.70	Psalms.42	bavli.Yoma.70:bavli.Yoma.70:bavli.Yoma.70:bavli.Yoma.70:bavli.Yoma.70:midrash.Yalkut_Shimoni_on_Torah.145:midrash.Yalkut_Shimoni_on_Torah.145:midrash.Yalkut_Shimoni_on_Nach.1030:yerushalmi.Berakhot.1:bavli.Yoma.137:bavli.Yoma.70:bavli.Yoma.70:bavli.Yoma.70:bavli.Yoma.70:bavli.Yoma.70:	midrash.Ein_Yaakov.Yoma.3:midrash.Ein_Yaakov.Yoma.3:midrash.Ein_Yaakov.Yoma.3:midrash.Ein_Yaakov.Yoma.3:midrash.Ein_Yaakov.Yoma.3:midrash.Ein_Yaakov.Yoma.3:midrash.Ein_Yaakov.Yoma.3:bavli.Yoma.137:bavli.Berakhot.3:bavli.Yoma.70:midrash.Ein_Yaakov.Yoma.3:yerushalmi.Pesachim.78:midrash.Ein_Yaakov.Yoma.3:midrash.Ein_Yaakov.Yoma.3:midrash.Ein_Yaakov.Yoma.3:
היה מאיר הבית והיום אפל הציצו עיניו וראה דמות אדם בארובה	bavli.Yoma.70	Psalms.42	bavli.Yoma.70:bavli.Yoma.70:bavli.Yoma.70:bavli.Yoma.70:bavli.Yoma.70:yerushalmi.Hallah.7:midrash.Yalkut_Shimoni_on_Nach.338::bavli.Yoma.70:midrash.Yalkut_Shimoni_on_Torah.145:::minor_tractate.Tractate_Kallah_Rabbati.3:bavli.Yoma.70:bavli.Yoma.70:	midrash.Ein_Yaakov.Yoma.3:yerushalmi.Pesachim.78:midrash.Ein_Yaakov.Yoma.3:midrash.Ein_Yaakov.Yoma.3:midrash.Ein_Yaakov.Yoma.3:yerushalmi.Hallah.5:::midrash.Ein_Yaakov.Yoma.3:::::midrash.Ein_Yaakov.Yoma.3:midrash.Ein_Yaakov.Yoma.3:
עלו ומצאו עליו רום ג' אמות שלג ˙ פרקוהו ורחצוהו וסכוהו והוש'	bavli.Yoma.70	Deuteronomy.13	:minor_tractate.Tractate_Kallah_Rabbati.3:bavli.Yoma.70:bavli.Yoma.70:bavli.Yoma.70:bavli.Yoma.70:bavli.Yoma.70:bavli.Yoma.70:bavli.Yoma.61:yerushalmi.Peah.42::::bavli.Yoma.70::	::midrash.Ein_Yaakov.Yoma.3:midrash.Ein_Yaakov.Yoma.3:midrash.Ein_Yaakov.Yoma.3:midrash.Ein_Yaakov.Yoma.3:midrash.Midrash_Tanchuma_Buber.Kedoshim.9:tosefta.Tohorot.6:midrash.Sifrei_Bamidbar.97:yerushalmi.Bava_Metsia.5::::midrash.Ein_Yaakov.Yoma.3::
והושיבוהו כנגד המדורה אמרו כגון זה ראוי לחלל עליו השבת ˙	bavli.Yoma.70		::bavli.Yoma.70::::bavli.Yoma.70:bavli.Yoma.70::bavli.Chullin.79:bavli.Pesachim.213::bavli.Yoma.70:midrash.Midrash_Tanchuma.Bamidbar.18::	::midrash.Ein_Yaakov.Yoma.3::::midrash.Ein_Yaakov.Yoma.3:midrash.Ein_Yaakov.Yoma.3::bavli.Keritot.6:::midrash.Ein_Yaakov.Yoma.3:bavli.Shabbat.270::
ואל תתמה מזה אמרו עליו על ר' עקיבא שבכל יום ויום היה מביא	bavli.Yoma.70	I_Samuel.25	bavli.Yoma.70::bavli.Chullin.79:bavli.Pesachim.213::bavli.Yoma.70:midrash.Midrash_Tanchuma.Bamidbar.18:::midrash.Midrash_Tanchuma_Buber.Yitro.17::midrash.Midrash_Tanchuma_Buber.Tazria.1:midrash.Sifrei_Devarim.279:bavli.Sotah.5:minor_tractate.Avot_D'Rabbi_Natan.6:	midrash.Ein_Yaakov.Yoma.3::bavli.Keritot.6:::midrash.Ein_Yaakov.Yoma.3:bavli.Shabbat.270:::midrash.Midrash_Tanchuma_Buber.Tazria.16::yerushalmi.Sukkah.30:midrash.Sifrei_Devarim.117:midrash.Yalkut_Shimoni_on_Torah.240:midrash.Ein_Yaakov.Sanhedrin.11:
חבילה של קש חציו מוכר וחציו מתקשט בו ˙ פעם אחד עמדו	minor_tractate.Avot_D'Rabbi_Natan.6	Psalms.105	:midrash.Midrash_Tanchuma_Buber.Tazria.1:midrash.Sifrei_Devarim.279:bavli.Sotah.5:minor_tractate.Avot_D'Rabbi_Natan.6:minor_tractate.Avot_D'Rabbi_Natan.6:bavli.Bekhorot.67::midrash.Yalkut_Shimoni_on_Torah.420::bavli.Gittin.83:minor_tractate.Avot_D'Rabbi_Natan.6:minor_tractate.Avot_D'Rabbi_Natan.6::bavli.Yoma.151:	:yerushalmi.Sukkah.30:midrash.Sifrei_Devarim.117:midrash.Yalkut_Shimoni_on_Torah.240:midrash.Ein_Yaakov.Sanhedrin.11::minor_tractate.Avot_D'Rabbi_Natan.6::midrash.Yalkut_Shimoni_on_Torah.271::minor_tractate.Avot_D'Rabbi_Natan.6::::midrash.Ein_Yaakov.Yoma.8:
עליו שכיניו ואמרו לו עקיבא אבדתנו בעשן אבל מכור אותו לנו	minor_tractate.Avot_D'Rabbi_Natan.6		minor_tractate.Avot_D'Rabbi_Natan.6:minor_tractate.Avot_D'Rabbi_Natan.6::bavli.Yoma.151:tosefta.Bava_Metzia.9:minor_tractate.Avot_D'Rabbi_Natan.6:minor_tractate.Avot_D'Rabbi_Natan.6:bavli.Bava_Kamma.54:bavli.Yoma.150:minor_tractate.Avot_D'Rabbi_Natan.6:minor_tractate.Avot_D'Rabbi_Natan.6:midrash.Yalkut_Shimoni_on_Torah.133:bavli.Bava_Batra.74:midrash.Yalkut_Shimoni_on_Nach.391:minor_tractate.Avot_D'Rabbi_Natan.6:	:::midrash.Ein_Yaakov.Yoma.8:bavli.Sanhedrin.178:midrash.Midrash_Tehillim.15::minor_tractate.Avot_D'Rabbi_Natan.6:bavli.Chullin.98:::::midrash.Yalkut_Shimoni_on_Nach.702:midrash.Yalkut_Shimoni_on_Nach.702:
וטול בדמיו שמן והדלק הנר ושנה לאור הנר ˙ אמ' להם הרבה סי'	minor_tractate.Avot_D'Rabbi_Natan.6	Hosea.9	minor_tractate.Avot_D'Rabbi_Natan.6:midrash.Yalkut_Shimoni_on_Torah.133:bavli.Bava_Batra.74:midrash.Yalkut_Shimoni_on_Nach.391:minor_tractate.Avot_D'Rabbi_Natan.6:minor_tractate.Avot_D'Rabbi_Natan.6::bavli.Menachot.170::midrash.Midrash_Tanchuma_Buber.Beha'alotcha.1:::minor_tractate.Avot_D'Rabbi_Natan.6:minor_tractate.Avot_D'Rabbi_Natan.6::	:::midrash.Yalkut_Shimoni_on_Nach.702:midrash.Yalkut_Shimoni_on_Nach.702:::::::::midrash.Sifrei_Devarim.9::
סיפוקין אני מסתפק מהם אחד שאשנה לאורו ואחד שאתחמם	minor_tractate.Avot_D'Rabbi_Natan.6		midrash.Midrash_Tanchuma_Buber.Beha'alotcha.1:::minor_tractate.Avot_D'Rabbi_Natan.6:minor_tractate.Avot_D'Rabbi_Natan.6::::minor_tractate.Avot_D'Rabbi_Natan.6:midrash.Yalkut_Shimoni_on_Torah.249::midrash.Shemot_Rabbah.22::::	::::midrash.Sifrei_Devarim.9:::::midrash.Yalkut_Shimoni_on_Nach.953::::::
בהם ואחד שאינו מניח לי לישן ˙ ועתיד ר' עקיבא לחייב כל עניי	minor_tractate.Avot_D'Rabbi_Natan.6	Ecclesiastes.5	midrash.Shemot_Rabbah.22::::::midrash.Sifrei_Bamidbar.131:midrash.Midrash_Tanchuma.Vayishlach.10::::yerushalmi.Sanhedrin.70:bavli.Menachot.132:minor_tractate.Avot_D'Rabbi_Natan.6:bavli.Shabbat.180:	::::::midrash.Shemot_Rabbah.18:bavli.Eruvin.16::::yerushalmi.Terumot.44:yerushalmi.Shabbat.128::midrash.Sifrei_Devarim.144:
ישר' לעתיד בדין שהיה בתחלה עני מדולדל ˙ ואם תאמר שלא הי'	minor_tractate.Avot_D'Rabbi_Natan.6	Isaiah.3	:yerushalmi.Sanhedrin.70:bavli.Menachot.132:minor_tractate.Avot_D'Rabbi_Natan.6:bavli.Shabbat.180::::::::::yerushalmi.Yoma.51:	:yerushalmi.Terumot.44:yerushalmi.Shabbat.128::midrash.Sifrei_Devarim.144::::::::::bavli.Temurah.16:
לו טיפול בנים ובנות היו לו והיה מפרנסם ˙ ובן מ' שנה היה כשהלך	midrash.Yalkut_Shimoni_on_Nach.77	Zechariah.5	::::yerushalmi.Yoma.51::midrash.Yalkut_Shimoni_on_Torah.236::midrash.Yalkut_Shimoni_on_Nach.77:midrash.Yalkut_Shimoni_on_Torah.143:::::midrash.Yalkut_Shimoni_on_Nach.117:	::::bavli.Temurah.16::midrash.Yalkut_Shimoni_on_Nach.319::midrash.Pesikta_D'Rav_Kahanna.18:bavli.Avodah_Zarah.85::::::
ללמוד ולסוף שש עשרה שנה לימד תורה ברבים ˙ ואמרו לא נפ'	minor_tractate.Avot_D'Rabbi_Natan.6	Judges.2	midrash.Yalkut_Shimoni_on_Torah.143:::::midrash.Yalkut_Shimoni_on_Nach.117::::midrash.Midrash_Tanchuma_Buber.Vayechi.6:minor_tractate.Avot_D'Rabbi_Natan.6:minor_tractate.Avot_D'Rabbi_Natan.6:bavli.Sanhedrin.192:::	bavli.Avodah_Zarah.85:::::::::midrash.Bereishit_Rabbah.79:midrash.Ein_Yaakov.Ketubbot.4:midrash.Sifrei_Devarim.357:minor_tractate.Avot_D'Rabbi_Natan.6:::
נפטר מן העולם עד שהיו לו שלחנות של כסף וזהב ˙ ואשתו הית'	minor_tractate.Avot_D'Rabbi_Natan.6	I_Kings.15	minor_tractate.Avot_D'Rabbi_Natan.6:bavli.Sanhedrin.192:::::midrash.Yalkut_Shimoni_on_Nach.487:midrash.Midrash_Tanchuma_Buber.Vaera.18:bavli.Nazir.38:minor_tractate.Tractate_Avadim.2:midrash.Yalkut_Shimoni_on_Nach.686:minor_tractate.Avot_D'Rabbi_Natan.6::::	midrash.Sifrei_Devarim.357:minor_tractate.Avot_D'Rabbi_Natan.6:::::midrash.Sifrei_Devarim.340:midrash.Midrash_Tanchuma.Shoftim.15:yerushalmi.Yevamot.47:tosefta.Ohalot.8:midrash.Midrash_Tanchuma_Buber.Yitro.5:::::
יוצאת בקורקסין ובעיר של זהב ובמילת ובבגדי צבעונין ובכלי	minor_tractate.Avot_D'Rabbi_Natan.6		minor_tractate.Tractate_Avadim.2:midrash.Yalkut_Shimoni_on_Nach.686:minor_tractate.Avot_D'Rabbi_Natan.6::::::::bavli.Shabbat.117:::::	tosefta.Ohalot.8:midrash.Midrash_Tanchuma_Buber.Yitro.5:::::::::midrash.Midrash_Tanchuma.Vayishlach.5:::::
פשתן מצויצין ˙ אמרו לו בניו ובנותיו ביישתנו במה שאתה עוש'	midrash.Midrash_Tanchuma.Vayishlach.5	Jeremiah.16	:bavli.Shabbat.117::::::yerushalmi.Moed_Kattan.25:::midrash.Midrash_Tanchuma.Vayigash.2:::::	:midrash.Midrash_Tanchuma.Vayishlach.5::::::yerushalmi.Moed_Kattan.37:::midrash.Midrash_Tanchuma_Buber.Vayishlach.7:::::
לאמנו כל הכבוד הזה אמ' להם מעט הוא הכבוד שהרבה נצט'	midrash.Yalkut_Shimoni_on_Torah.750	I_Samuel.30	midrash.Midrash_Tanchuma.Vayigash.2:::::::yerushalmi.Ketubot.124:midrash.Bereishit_Rabbah.11:bavli.Shevuot.4:midrash.Midrash_Tanchuma_Buber.Korach.5:yerushalmi.Rosh_Hashanah.1:midrash.Yalkut_Shimoni_on_Torah.750:::	midrash.Midrash_Tanchuma_Buber.Vayishlach.7::::::::minor_tractate.Avot_D'Rabbi_Natan.15:mishnah.Shevuot.1:bavli.Menachot.160:midrash.Yalkut_Shimoni_on_Nach.677::::
נצטערה עמי בתורה כדאי' ביבמות פ' הבא על יבמתו ˙ שנים עשר	midrash.Yalkut_Shimoni_on_Torah.750	Joel.2	midrash.Midrash_Tanchuma_Buber.Korach.5:yerushalmi.Rosh_Hashanah.1:midrash.Yalkut_Shimoni_on_Torah.750:::::minor_tractate.Avot_D'Rabbi_Natan.6:::::yerushalmi.Yevamot.68:::	bavli.Menachot.160:midrash.Yalkut_Shimoni_on_Nach.677:::::::::::bavli.Yevamot.135:::
זוגות תלמידי חכמי' היו לו לר' עקיבא מתלמידיו מגבת עד אנט'	yerushalmi.Sukkah.2	Ezekiel.21	::yerushalmi.Yevamot.68:::bavli.Nedarim.140:::yerushalmi.Ta'anit.38:yerushalmi.Sukkah.2:bavli.Kiddushin.150:::::	::bavli.Yevamot.135::::::yerushalmi.Sukkah.2:mishnah.Negaim.9:yerushalmi.Yevamot.9:::::
אנטיפרס: מעשה בר' אליעז' בן הורקנוס שהניח	yerushalmi.Sukkah.2		:yerushalmi.Ta'anit.38:yerushalmi.Sukkah.2:bavli.Kiddushin.150::::::::bavli.Menachot.64:yerushalmi.Sukkah.18:mishnah.Pirkei_Avot.2::	:yerushalmi.Sukkah.2:mishnah.Negaim.9:yerushalmi.Yevamot.9::::::::yerushalmi.Sukkah.18:yerushalmi.Sotah.93:minor_tractate.Avot_D'Rabbi_Natan.14::
אביו ואמו עניים וברח לירושלם ולא נטל בידו לא	midrash.Midrash_Tanchuma_Buber.Lech Lecha.10		::bavli.Menachot.64:yerushalmi.Sukkah.18:mishnah.Pirkei_Avot.2:::midrash.Ein_Yaakov.Yoma.3:::::midrash.Midrash_Tanchuma_Buber.Lech Lecha.10:midrash.Midrash_Tanchuma_Buber.Lech Lecha.10:midrash.Midrash_Tanchuma.Vayishlach.2:	::yerushalmi.Sukkah.18:yerushalmi.Sotah.93:minor_tractate.Avot_D'Rabbi_Natan.14:::::::::bavli.Sanhedrin.65:midrash.Midrash_Tanchuma_Buber.Lech Lecha.10:
ככר לא מנה ולא כלום אלא נכנס בירושלים כעני בפתח ˙ ובא לפני	midrash.Midrash_Tanchuma_Buber.Lech Lecha.10	II_Chronicles.33	:midrash.Midrash_Tanchuma_Buber.Lech Lecha.10:midrash.Midrash_Tanchuma_Buber.Lech Lecha.10:midrash.Midrash_Tanchuma.Vayishlach.2:midrash.Midrash_Tanchuma_Buber.Lech Lecha.10:midrash.Midrash_Tanchuma_Buber.Ki Tisa.6:bavli.Ketubot.25:bavli.Yoma.79:midrash.Yalkut_Shimoni_on_Nach.339:midrash.Midrash_Tanchuma_Buber.Lech Lecha.10:midrash.Midrash_Tanchuma_Buber.Lech Lecha.10:::::	::bavli.Sanhedrin.65:midrash.Midrash_Tanchuma_Buber.Lech Lecha.10:tosefta.Shevuot.5:midrash.Midrash_Tanchuma_Buber.Lech Lecha.10:bavli.Ketubot.31:bavli.Ketubot.195:midrash.Midrash_Tanchuma_Buber.Lech Lecha.10:::::::
רבן יוחנ' בן זכאי וישב ולמד תורה שם שתים או שלש שנים ˙ בא	bavli.Beitzah.9	Exodus.22	::::yerushalmi.Bava_Kamma.72:yerushalmi.Shabbat.162:bavli.Beitzah.9:bavli.Beitzah.9::::midrash.Ein_Yaakov.Kiddushin.2:bavli.Yevamot.157:midrash.Yalkut_Shimoni_on_Torah.144:midrash.Sifrei_Devarim.150:	::::bavli.Chullin.101:yerushalmi.Ma'asrot.43:bavli.Eruvin.94:bavli.Beitzah.10::::bavli.Zevachim.13:midrash.Yalkut_Shimoni_on_Nach.154:midrash.Yalkut_Shimoni_on_Nach.1063:midrash.Yalkut_Shimoni_on_Nach.526:
לשאול לתלמידים והיה מריחים ריח פיו סרוח והיו מטמינים מ'	midrash.Midrash_Tanchuma_Buber.Lech Lecha.10		:midrash.Ein_Yaakov.Kiddushin.2:bavli.Yevamot.157:midrash.Yalkut_Shimoni_on_Torah.144:midrash.Sifrei_Devarim.150:midrash.Ein_Yaakov.Niddah.9:::midrash.Midrash_Tanchuma_Buber.Lech Lecha.10:midrash.Midrash_Tanchuma_Buber.Lech Lecha.10:midrash.Midrash_Tanchuma_Buber.Lech Lecha.10:midrash.Midrash_Tanchuma_Buber.Lech Lecha.10:midrash.Midrash_Tanchuma_Buber.Lech Lecha.10:midrash.Midrash_Tanchuma_Buber.Lech Lecha.10::	:bavli.Zevachim.13:midrash.Yalkut_Shimoni_on_Nach.154:midrash.Yalkut_Shimoni_on_Nach.1063:midrash.Yalkut_Shimoni_on_Nach.526:midrash.Ein_Yaakov.Yoma.2:::::::midrash.Tanna_Debei_Eliyahu_Rabbah.11:::
ממנו ובורחים ולא היו או' לו דבר עד שבאו לפני רבן יוחנ' בן זכאי	midrash.Midrash_Tanchuma_Buber.Lech Lecha.10	Leviticus.21	midrash.Midrash_Tanchuma_Buber.Lech Lecha.10:midrash.Midrash_Tanchuma_Buber.Lech Lecha.10::::::yerushalmi.Shabbat.85:midrash.Midrash_Tanchuma_Buber.Kedoshim.13::midrash.Yalkut_Shimoni_on_Torah.181:mishnah.Niddah.8:yerushalmi.Shabbat.162:bavli.Beitzah.9:bavli.Beitzah.9:	midrash.Tanna_Debei_Eliyahu_Rabbah.11:::::::midrash.Pesikta_D'Rav_Kahanna.8:midrash.Yalkut_Shimoni_on_Torah.181::yerushalmi.Shekalim.63:bavli.Niddah.89:yerushalmi.Ma'asrot.43:bavli.Eruvin.94:bavli.Beitzah.10:
והבין שאין ריח זה אלא מרעב שלא היה לו לאכול ˙ אמ' רבן יוחנ' בן	bavli.Beitzah.9	Genesis.43	yerushalmi.Shabbat.162:bavli.Beitzah.9:bavli.Beitzah.9:bavli.Menachot.51::mishnah.Bava_Kamma.7:midrash.Midrash_Mishlei.13:midrash.Yalkut_Shimoni_on_Torah.780:bavli.Sukkah.4:bavli.Menachot.86:bavli.Nedarim.31::midrash.Ein_Yaakov.Okatzin.3:bavli.Shabbat.299:bavli.Beitzah.9:	yerushalmi.Ma'asrot.43:bavli.Eruvin.94:bavli.Beitzah.10:::bavli.Bava_Kamma.124:midrash.Yalkut_Shimoni_on_Torah.20:midrash.Yalkut_Shimoni_on_Torah.388:midrash.Yalkut_Shimoni_on_Torah.44:bavli.Zevachim.36:bavli.Makkot.38::midrash.Ein_Yaakov.Gittin.8:bavli.Shabbat.294:bavli.Eruvin.94:
	bavli.Beitzah.9		bavli.Beitzah.9:bavli.Beitzah.9:bavli.Menachot.51::mishnah.Bava_Kamma.7:midrash.Midrash_Mishlei.13:midrash.Yalkut_Shimoni_on_Torah.780:bavli.Sukkah.4:bavli.Menachot.86:bavli.Nedarim.31::midrash.Ein_Yaakov.Okatzin.3:bavli.Shabbat.299:bavli.Beitzah.9::	bavli.Eruvin.94:bavli.Beitzah.10:::bavli.Bava_Kamma.124:midrash.Yalkut_Shimoni_on_Torah.20:midrash.Yalkut_Shimoni_on_Torah.388:midrash.Yalkut_Shimoni_on_Torah.44:bavli.Zevachim.36:bavli.Makkot.38::midrash.Ein_Yaakov.Gittin.8:bavli.Shabbat.294:bavli.Eruvin.94::
	bavli.Beitzah.9		bavli.Beitzah.9:bavli.Menachot.51::mishnah.Bava_Kamma.7:midrash.Midrash_Mishlei.13:midrash.Yalkut_Shimoni_on_Torah.780:bavli.Sukkah.4:bavli.Menachot.86:bavli.Nedarim.31::midrash.Ein_Yaakov.Okatzin.3:bavli.Shabbat.299:bavli.Beitzah.9:::	bavli.Beitzah.10:::bavli.Bava_Kamma.124:midrash.Yalkut_Shimoni_on_Torah.20:midrash.Yalkut_Shimoni_on_Torah.388:midrash.Yalkut_Shimoni_on_Torah.44:bavli.Zevachim.36:bavli.Makkot.38::midrash.Ein_Yaakov.Gittin.8:bavli.Shabbat.294:bavli.Eruvin.94:::
	bavli.Beitzah.9		bavli.Menachot.51::mishnah.Bava_Kamma.7:midrash.Midrash_Mishlei.13:midrash.Yalkut_Shimoni_on_Torah.780:bavli.Sukkah.4:bavli.Menachot.86:bavli.Nedarim.31::midrash.Ein_Yaakov.Okatzin.3:bavli.Shabbat.299:bavli.Beitzah.9::::	::bavli.Bava_Kamma.124:midrash.Yalkut_Shimoni_on_Torah.20:midrash.Yalkut_Shimoni_on_Torah.388:midrash.Yalkut_Shimoni_on_Torah.44:bavli.Zevachim.36:bavli.Makkot.38::midrash.Ein_Yaakov.Gittin.8:bavli.Shabbat.294:bavli.Eruvin.94::::
	bavli.Beitzah.9		:mishnah.Bava_Kamma.7:midrash.Midrash_Mishlei.13:midrash.Yalkut_Shimoni_on_Torah.780:bavli.Sukkah.4:bavli.Menachot.86:bavli.Nedarim.31::midrash.Ein_Yaakov.Okatzin.3:bavli.Shabbat.299:bavli.Beitzah.9:::::	:bavli.Bava_Kamma.124:midrash.Yalkut_Shimoni_on_Torah.20:midrash.Yalkut_Shimoni_on_Torah.388:midrash.Yalkut_Shimoni_on_Torah.44:bavli.Zevachim.36:bavli.Makkot.38::midrash.Ein_Yaakov.Gittin.8:bavli.Shabbat.294:bavli.Eruvin.94:::::
	bavli.Beitzah.9		mishnah.Bava_Kamma.7:midrash.Midrash_Mishlei.13:midrash.Yalkut_Shimoni_on_Torah.780:bavli.Sukkah.4:bavli.Menachot.86:bavli.Nedarim.31::midrash.Ein_Yaakov.Okatzin.3:bavli.Shabbat.299:bavli.Beitzah.9::::::	bavli.Bava_Kamma.124:midrash.Yalkut_Shimoni_on_Torah.20:midrash.Yalkut_Shimoni_on_Torah.388:midrash.Yalkut_Shimoni_on_Torah.44:bavli.Zevachim.36:bavli.Makkot.38::midrash.Ein_Yaakov.Gittin.8:bavli.Shabbat.294:bavli.Eruvin.94::::::
	bavli.Beitzah.9		midrash.Midrash_Mishlei.13:midrash.Yalkut_Shimoni_on_Torah.780:bavli.Sukkah.4:bavli.Menachot.86:bavli.Nedarim.31::midrash.Ein_Yaakov.Okatzin.3:bavli.Shabbat.299:bavli.Beitzah.9:::::::	midrash.Yalkut_Shimoni_on_Torah.20:midrash.Yalkut_Shimoni_on_Torah.388:midrash.Yalkut_Shimoni_on_Torah.44:bavli.Zevachim.36:bavli.Makkot.38::midrash.Ein_Yaakov.Gittin.8:bavli.Shabbat.294:bavli.Eruvin.94:::::::
שנו אלא באדם אחד ובחדשים ובלבנים ובלבד שאין לו להחליף אב']	bavli.Shabbat.225		::::::bavli.Bava_Batra.257:midrash.Yalkut_Shimoni_on_Torah.269:::::tosefta.Shevuot.4:bavli.Shabbat.225:bavli.Pesachim.53:	::::::bavli.Shabbat.225:midrash.Midrash_Tanchuma.Yitro.7:::::yerushalmi.Bava_Kamma.59:::
יש לו להחליף לא ˙ תבא של בית ר'ג' לא היו מקפלין כפלי	bavli.Shabbat.225	Psalms.51	::tosefta.Shevuot.4:bavli.Shabbat.225:bavli.Pesachim.53::bavli.Ketubot.106:bavli.Sanhedrin.176:bavli.Shabbat.225:::::bavli.Shabbat.225:bavli.Shabbat.225:	::yerushalmi.Bava_Kamma.59::::bavli.Beitzah.35:bavli.Shabbat.225:yerushalmi.Ma'aser_Sheni.48:::::midrash.Yalkut_Shimoni_on_Nach.727:tosefta.Shabbat.13:
לבן שלהם מפני שהין להם להחליף ˙ אמ' רב הונ' אם	bavli.Shabbat.225		::bavli.Shabbat.225:bavli.Shabbat.225:bavli.Shabbat.225:bavli.Shabbat.225:midrash.Yalkut_Shimoni_on_Nach.680:midrash.Midrash_Tanchuma.Balak.21:mishnah.Arakhin.1:bavli.Shabbat.225:::midrash.Ein_Yaakov.Okatzin.3:bavli.Nazir.84:bavli.Bava_Batra.340:	::midrash.Yalkut_Shimoni_on_Nach.727:tosefta.Shabbat.13:tosefta.Shabbat.13:tosefta.Shabbat.1:bavli.Shabbat.225:bavli.Shabbat.225:bavli.Horayot.8::::midrash.Ein_Yaakov.Bava Kamma.2:bavli.Berakhot.12:bavli.Bava_Batra.283:
יש לו להחליף יחליף ואם לאו ישלשל בבגדו ˙ והא מתחזי כרמות [רוח']	bavli.Shabbat.225	Numbers.35	::midrash.Ein_Yaakov.Okatzin.3:bavli.Nazir.84:bavli.Bava_Batra.340:yerushalmi.Bava_Metsia.52:bavli.Sanhedrin.176:bavli.Shabbat.225:bavli.Shabbat.225:midrash.Midrash_Tanchuma.Bereshit.2:midrash.Midrash_Tanchuma.Bereshit.2:::bavli.Shabbat.225::	::midrash.Ein_Yaakov.Bava Kamma.2:bavli.Berakhot.12:bavli.Bava_Batra.283:bavli.Menachot.67:bavli.Shabbat.225:midrash.Midrash_Tanchuma.Bereshit.2:midrash.Midrash_Tanchuma.Bereshit.2:bavli.Moed_Katan.53::::::
כאן דכל אמא לא קעביד והאידנ' קעביד לא מתחזי כרמות רוחא	bavli.Shabbat.225	Leviticus.7	midrash.Midrash_Tanchuma.Bereshit.2:::bavli.Shabbat.225::::bavli.Beitzah.15:bavli.Bava_Batra.10:bavli.Shabbat.234:bavli.Shabbat.234:bavli.Berakhot.78:bavli.Berakhot.78:bavli.Shabbat.225:bavli.Shabbat.225:	:::::::bavli.Nazir.18:bavli.Bava_Kamma.54:bavli.Shabbat.225:bavli.Berakhot.78:bavli.Shabbat.234:bavli.Pesachim.108:::
כת' וכבדתו מעשות דרכיך שלא יהיה מלבושך של שבת כמלבושך	bavli.Shabbat.225	Isaiah.58	bavli.Shabbat.234:bavli.Shabbat.234:bavli.Berakhot.78:bavli.Berakhot.78:bavli.Shabbat.225:bavli.Shabbat.225::::bavli.Shabbat.225:midrash.Midrash_Tanchuma_Buber.Toldot.1::midrash.Pirkei_DeRabbi_Eliezer.14:bavli.Shabbat.225:bavli.Shabbat.225:	bavli.Shabbat.225:bavli.Berakhot.78:bavli.Shabbat.234:bavli.Pesachim.108::::::midrash.Yalkut_Shimoni_on_Nach.496:bavli.Pesachim.222::midrash.Yalkut_Shimoni_on_Nach.367:midrash.Yalkut_Shimoni_on_Nach.496:midrash.Yalkut_Shimoni_on_Nach.496:
של חול כי הא דר' יוחנ' הוה קרי למאני מכבדותיו ˙ דרכיך שלא יהא	bavli.Shabbat.225	I_Samuel.26	midrash.Pirkei_DeRabbi_Eliezer.14:bavli.Shabbat.225:bavli.Shabbat.225:bavli.Shabbat.225:bavli.Shabbat.225:yerushalmi.Yevamot.8:midrash.Yalkut_Shimoni_on_Nach.584:yerushalmi.Yoma.6:yerushalmi.Megillah.38:bavli.Bekhorot.82:midrash.Ein_Yaakov.Shabbat.15::::bavli.Shabbat.225:	midrash.Yalkut_Shimoni_on_Nach.367:midrash.Yalkut_Shimoni_on_Nach.496:midrash.Yalkut_Shimoni_on_Nach.496:midrash.Yalkut_Shimoni_on_Nach.496:midrash.Yalkut_Shimoni_on_Nach.496:bavli.Shabbat.225:yerushalmi.Peah.56:yerushalmi.Terumot.109:bavli.Kiddushin.65:midrash.Yalkut_Shimoni_on_Torah.642:bavli.Bava_Kamma.182::::midrash.Yalkut_Shimoni_on_Nach.496:
הלוכך של שבת כהלוכך של חול ˙ ממצוא חפצך ˙ חפינך אסורים	bavli.Shabbat.225	Deuteronomy.18	:::bavli.Shabbat.225:midrash.Ein_Yaakov.Shabbat.15:midrash.Ein_Yaakov.Shabbat.15:midrash.Ein_Yaakov.Shabbat.15:midrash.Ein_Yaakov.Shabbat.15:bavli.Shabbat.225:midrash.Ein_Yaakov.Sotah.1::::::	:::midrash.Yalkut_Shimoni_on_Nach.496:bavli.Shabbat.226:bavli.Shabbat.225:bavli.Shabbat.225:bavli.Shabbat.225:bavli.Shabbat.226:::::::
חפיני שמים מותרים ˙ ודבר זה שלא יהא דיבורך של שבת כדיבור'	midrash.Yalkut_Shimoni_on_Nach.496	II_Samuel.12	midrash.Ein_Yaakov.Sotah.1:::::::::::bavli.Shabbat.226:bavli.Shabbat.226:bavli.Shabbat.226:bavli.Shabbat.226:	:::::::::::midrash.Yalkut_Shimoni_on_Nach.496:midrash.Yalkut_Shimoni_on_Nach.496:midrash.Yalkut_Shimoni_on_Nach.496:midrash.Yalkut_Shimoni_on_Nach.496:
של חול אבל הרהור מותר ˙ הלוכך דשבת כי הא דר' זירא אם היה	midrash.Yalkut_Shimoni_on_Nach.496	I_Samuel.26	bavli.Shabbat.226:bavli.Shabbat.226:bavli.Shabbat.226:bavli.Shabbat.226:bavli.Shabbat.226:bavli.Shabbat.226:yerushalmi.Yevamot.7::::::yerushalmi.Kilayim.10:yerushalmi.Kiddushin.50:midrash.Yalkut_Shimoni_on_Nach.801:	midrash.Yalkut_Shimoni_on_Nach.496:midrash.Yalkut_Shimoni_on_Nach.496:midrash.Yalkut_Shimoni_on_Nach.496:midrash.Yalkut_Shimoni_on_Nach.496:midrash.Yalkut_Shimoni_on_Nach.496:midrash.Yalkut_Shimoni_on_Nach.496:yerushalmi.Demai.23::::::yerushalmi.Kiddushin.36:bavli.Keritot.35:midrash.Midrash_Tanchuma_Buber.Beshalach.11:
מדלג נשבת ופגע באמת המים ˙ אם יכול להניח רגלו ראשונה [קוד']	bavli.Shabbat.226	II_Chronicles.27	::yerushalmi.Kilayim.10:yerushalmi.Kiddushin.50:midrash.Yalkut_Shimoni_on_Nach.801:midrash.Midrash_Tanchuma.Bereshit.12:::bavli.Shabbat.226:bavli.Shabbat.226::midrash.Yalkut_Shimoni_on_Torah.864:bavli.Shabbat.226:bavli.Shabbat.226::	::yerushalmi.Kiddushin.36:bavli.Keritot.35:midrash.Midrash_Tanchuma_Buber.Beshalach.11:::::::bavli.Shabbat.226::::
שתעקר את השנייה מותר ואם לאו אסור שמא יגיעו בגדיו במים	bavli.Shabbat.226		midrash.Yalkut_Shimoni_on_Torah.864:bavli.Shabbat.226:bavli.Shabbat.226:::::yerushalmi.Nazir.33:yerushalmi.Yevamot.113:midrash.Sifrei_Bamidbar.154:bavli.Chullin.6:bavli.Berakhot.45::::	bavli.Shabbat.226:::::::::yerushalmi.Demai.51:yerushalmi.Demai.51:mishnah.Eduyot.5::::
ויבא לידי סחיטה ˙ ד'א' משום דפסיעה גסה אסור בשבת ואפי'	mishnah.Eduyot.5		bavli.Berakhot.45:::::::::::::::	mishnah.Eduyot.5:::::::::::::::
בחול יותר מאמה ˙ דפסיעה בצונית אמה ומאי תקנתיה להדר	mishnah.Eduyot.5		::::::::::::::midrash.Ein_Yaakov.Berakhot.6:	:::::::::::::::
בקדושא דבי שמשי ˙: ממצוא חפצך כההיא דעירובין לא [יט']	midrash.Ein_Yaakov.Berakhot.6	Deuteronomy.18	:::::midrash.Ein_Yaakov.Berakhot.6:midrash.Ein_Yaakov.Berakhot.6:midrash.Ein_Yaakov.Berakhot.6:bavli.Shabbat.226::bavli.Chullin.5:::::	::::::::bavli.Berakhot.86::bavli.Chullin.6:::::
יטיל אדם בתוך שדהו בשבת לידע מה היא צריכה חפיני שמים	midrash.Yalkut_Shimoni_on_Nach.496	Lamentations.1	bavli.Chullin.5:::::::midrash.Yalkut_Shimoni_on_Nach.496:tosefta.Kilaim.2:::midrash.Yalkut_Shimoni_on_Nach.496:yerushalmi.Bava_Kamma.41:::	bavli.Chullin.6:::::::midrash.Yalkut_Shimoni_on_Nach.74:yerushalmi.Bikkurim.20:::midrash.Yalkut_Shimoni_on_Torah.140:yerushalmi.Berakhot.123:::
מותרין כגון פוסקין צדקה ומשדכין את התינוקות ליארס שלא	bavli.Shabbat.23		::midrash.Yalkut_Shimoni_on_Nach.496:yerushalmi.Bava_Kamma.41:::::::::bavli.Shabbat.23:bavli.Shabbat.23:bavli.Shabbat.23:	::midrash.Yalkut_Shimoni_on_Torah.140:yerushalmi.Berakhot.123::::::::::::
יהא דנורך של שבת מקח וממכר וחשבונות ˙ מהרהר מותר כלומ'	bavli.Shabbat.23		:bavli.Shabbat.23:bavli.Shabbat.23:bavli.Shabbat.23::bavli.Shabbat.226:bavli.Shabbat.226:bavli.Shabbat.226:yerushalmi.Sanhedrin.51:midrash.Mekhilta_DeRabbi_Shimon_Bar_Yochai..35::::::	:::::midrash.Yalkut_Shimoni_on_Nach.496:midrash.Yalkut_Shimoni_on_Nach.496:midrash.Yalkut_Shimoni_on_Nach.496:yerushalmi.Bikkurim.6:::::::
יצאה אני צריך להוציא על שדה זו ˙ רב חסדא ורב הונ' דאמ'	bavli.Bava_Batra.307	Psalms.106	::::::midrash.Sifrei_Devarim.355::::yerushalmi.Peah.12::bavli.Bava_Batra.307:bavli.Eruvin.124:bavli.Bava_Batra.142:	::::::midrash.Yalkut_Shimoni_on_Torah.962::::bavli.Bava_Batra.85::bavli.Ketubot.198:bavli.Bava_Batra.307:bavli.Kiddushin.5:
תרויהו חשבנות של מנוה מותר וכן א'ר' יעקב מפקחין	bavli.Ketubot.9		:yerushalmi.Peah.12::bavli.Bava_Batra.307:bavli.Eruvin.124:bavli.Bava_Batra.142:::bavli.Ketubot.9:bavli.Ketubot.9:bavli.Sukkah.74:::::	:bavli.Bava_Batra.85::bavli.Ketubot.198:bavli.Bava_Batra.307:bavli.Kiddushin.5:::bavli.Shabbat.299:bavli.Shabbat.299:bavli.Ketubot.9:::::
פיקוח נפש בשבת ˙ וא'ר' אלעז' פוסקין צדקה לעניים בשבת ˙ [וא'ר'	bavli.Ketubot.9	II_Samuel.4	:::::bavli.Ketubot.9:bavli.Ketubot.9::::bavli.Ketubot.9:bavli.Ketubot.9:bavli.Ketubot.9:::	:::::bavli.Shabbat.299:bavli.Yoma.168::::bavli.Shabbat.299:bavli.Shabbat.299:bavli.Shabbat.299:::
אחנ' הולכין לבתי כנסיות ולבתי מדרשות לפקח על עסקי רבים בש'	bavli.Ketubot.9		bavli.Ketubot.9:bavli.Ketubot.9::::::bavli.Ketubot.9:midrash.Yalkut_Shimoni_on_Nach.704:midrash.Yalkut_Shimoni_on_Nach.704:bavli.Ketubot.9:bavli.Ketubot.9:bavli.Ketubot.9:bavli.Ketubot.9::	bavli.Shabbat.299:bavli.Shabbat.299::::::midrash.Yalkut_Shimoni_on_Nach.201:yerushalmi.Megillah.49:yerushalmi.Megillah.49:midrash.Midrash_Tanchuma.Bereshit.2:midrash.Midrash_Tanchuma.Bereshit.2:bavli.Shabbat.299:bavli.Shabbat.299::
בשבת ˙ ותנא בי מנשה משדכין תצוקות ליארס וללמדו ספר ולל	bavli.Ketubot.9	I_Chronicles.6	midrash.Yalkut_Shimoni_on_Nach.704:bavli.Ketubot.9:bavli.Ketubot.9:bavli.Ketubot.9:bavli.Ketubot.9:::::::::midrash.Midrash_Tanchuma.Bereshit.2::	yerushalmi.Megillah.49:midrash.Midrash_Tanchuma.Bereshit.2:midrash.Midrash_Tanchuma.Bereshit.2:bavli.Shabbat.299:bavli.Shabbat.299:::::::::::
וללמדו אומנות ˙˙ ולקדוש ישר' מטבד כגו' אנא דשכיחי לן [ב']	midrash.Yalkut_Shimoni_on_Nach.496		::midrash.Midrash_Tanchuma.Bereshit.2::::bavli.Kiddushin.60:::::bavli.Sanhedrin.125:bavli.Shabbat.237:bavli.Shabbat.237::	::::::bavli.Kiddushin.57::::::midrash.Yalkut_Shimoni_on_Nach.496:midrash.Yalkut_Shimoni_on_Nach.496::
בשרא וחמרא במה נשנייה ונכבדיה ˙ א'ל' אי קגיליתו לאקדושי ולא	midrash.Yalkut_Shimoni_on_Nach.496		bavli.Sanhedrin.125:bavli.Shabbat.237:bavli.Shabbat.237:::::::::::bavli.Shabbat.237::	:midrash.Yalkut_Shimoni_on_Nach.496:midrash.Yalkut_Shimoni_on_Nach.496:::::::::::midrash.Yalkut_Shimoni_on_Nach.496::
ולאקדומי אחרוה ˙ ואי רגילותן לאחר זמן סעודה בחול אקדמיה [וז']	midrash.Yalkut_Shimoni_on_Nach.496		::bavli.Shabbat.237:::::::midrash.Yalkut_Shimoni_on_Nach.496::midrash.Bereishit_Rabbah.75::::	::midrash.Yalkut_Shimoni_on_Nach.496:::::::::::::
לקדוש ישר' מסבד ˙ תבא דבי אליהו לעולם ישכים אדם [לה']	bavli.Avodah_Zarah.10		midrash.Bereishit_Rabbah.75:::::::::midrash.Ein_Yaakov.Zevakhim.4:bavli.Avodah_Zarah.17:bavli.Avodah_Zarah.10:bavli.Avodah_Zarah.10:bavli.Bava_Batra.219::	:::::::::midrash.Ein_Yaakov.Beitzah.3:midrash.Yalkut_Shimoni_on_Torah.592:midrash.Yalkut_Shimoni_on_Nach.437:midrash.Yalkut_Shimoni_on_Nach.437:midrash.Yalkut_Shimoni_on_Nach.73::
להוצאת שבת א'ע'פ' ˙ שא'ר' עקיבא עשה שבתך חול [ו']	bavli.Avodah_Zarah.10		bavli.Avodah_Zarah.17:bavli.Avodah_Zarah.10:bavli.Avodah_Zarah.10:bavli.Bava_Batra.219:::::::::bavli.Pesachim.223:bavli.Pesachim.223::	midrash.Yalkut_Shimoni_on_Torah.592:midrash.Yalkut_Shimoni_on_Nach.437:midrash.Yalkut_Shimoni_on_Nach.437:midrash.Yalkut_Shimoni_on_Nach.73:::::::::midrash.Yalkut_Shimoni_on_Torah.830:bavli.Pesachim.225::
ואל תצטרך לבריות אבל עושה הוא לכבוד שבת דבר מועט ומאי	bavli.Pesachim.223		:bavli.Pesachim.223:bavli.Pesachim.223::::bavli.Pesachim.223:bavli.Pesachim.223:bavli.Pesachim.223:bavli.Bava_Batra.178::midrash.Midrash_Tanchuma.Ki Tisa.33:::midrash.Yalkut_Shimoni_on_Nach.885:	:midrash.Yalkut_Shimoni_on_Torah.830:bavli.Pesachim.225::::yerushalmi.Berakhot.128:midrash.Ein_Yaakov.Pesakhim.10:midrash.Ein_Yaakov.Pesakhim.10:bavli.Shabbat.216::midrash.Midrash_Tanchuma.Bereshit.3:::midrash.Yalkut_Shimoni_on_Nach.504:
דבר מועט ˙ אמ' רב פפא כסא דהרסנא ˙ אמ' רב חסדא [לע']	midrash.Yalkut_Shimoni_on_Nach.885		:midrash.Yalkut_Shimoni_on_Nach.885:bavli.Eruvin.153:::midrash.Ein_Yaakov.Bava Batra.1:midrash.Ein_Yaakov.Okatzin.3:midrash.Ein_Yaakov.Sanhedrin.5:yerushalmi.Berakhot.108:midrash.Yalkut_Shimoni_on_Nach.885::midrash.Ein_Yaakov.Eiruvin.2:midrash.Ein_Yaakov.Okatzin.3:bavli.Taanit.11::	:midrash.Yalkut_Shimoni_on_Nach.504:::::midrash.Ein_Yaakov.Bava Kamma.2:bavli.Avodah_Zarah.119:midrash.Yalkut_Shimoni_on_Nach.885:bavli.Pesachim.223:::midrash.Ein_Yaakov.Bava Kamma.2:bavli.Sotah.78::
לעולם ישכים אדם להוצאת שבת שנ' ויהי באום הששי והכי'	midrash.Yalkut_Shimoni_on_Nach.885	Exodus.16	yerushalmi.Berakhot.108:midrash.Yalkut_Shimoni_on_Nach.885::midrash.Ein_Yaakov.Eiruvin.2:midrash.Ein_Yaakov.Okatzin.3:bavli.Taanit.11::::bavli.Bava_Batra.219:bavli.Shabbat.234:bavli.Shabbat.234::yerushalmi.Shabbat.117:yerushalmi.Shabbat.117:	midrash.Yalkut_Shimoni_on_Nach.885:bavli.Pesachim.223:::midrash.Ein_Yaakov.Bava Kamma.2:bavli.Sotah.78::::midrash.Yalkut_Shimoni_on_Nach.73:midrash.Yalkut_Shimoni_on_Torah.258:midrash.Yalkut_Shimoni_on_Torah.258::bavli.Ketubot.127:midrash.Yalkut_Shimoni_on_Nach.944:
יאשר יביאו לאלתר בערב שבת ˙ א'ר' יוחנ' כל המענג את השבת	yerushalmi.Shabbat.117	Malachi.3	bavli.Shabbat.234::yerushalmi.Shabbat.117:yerushalmi.Shabbat.117:::bavli.Shabbat.234:::midrash.Ein_Yaakov.Bava Batra.1::::midrash.Ein_Yaakov.Ketubbot.11:midrash.Yalkut_Shimoni_on_Nach.496:	midrash.Yalkut_Shimoni_on_Torah.258::bavli.Ketubot.127:midrash.Yalkut_Shimoni_on_Nach.944:::midrash.Ein_Yaakov.Shabbat.16:::::::bavli.Ketubot.191:bavli.Shabbat.235:
	yerushalmi.Shabbat.117		:yerushalmi.Shabbat.117:yerushalmi.Shabbat.117:::bavli.Shabbat.234:::midrash.Ein_Yaakov.Bava Batra.1::::midrash.Ein_Yaakov.Ketubbot.11:midrash.Yalkut_Shimoni_on_Nach.496::	:bavli.Ketubot.127:midrash.Yalkut_Shimoni_on_Nach.944:::midrash.Ein_Yaakov.Shabbat.16:::::::bavli.Ketubot.191:bavli.Shabbat.235::
	yerushalmi.Shabbat.117		yerushalmi.Shabbat.117:yerushalmi.Shabbat.117:::bavli.Shabbat.234:::midrash.Ein_Yaakov.Bava Batra.1::::midrash.Ein_Yaakov.Ketubbot.11:midrash.Yalkut_Shimoni_on_Nach.496:::	bavli.Ketubot.127:midrash.Yalkut_Shimoni_on_Nach.944:::midrash.Ein_Yaakov.Shabbat.16:::::::bavli.Ketubot.191:bavli.Shabbat.235:::
	yerushalmi.Shabbat.117		yerushalmi.Shabbat.117:::bavli.Shabbat.234:::midrash.Ein_Yaakov.Bava Batra.1::::midrash.Ein_Yaakov.Ketubbot.11:midrash.Yalkut_Shimoni_on_Nach.496::::	midrash.Yalkut_Shimoni_on_Nach.944:::midrash.Ein_Yaakov.Shabbat.16:::::::bavli.Ketubot.191:bavli.Shabbat.235::::
	yerushalmi.Shabbat.117		::bavli.Shabbat.234:::midrash.Ein_Yaakov.Bava Batra.1::::midrash.Ein_Yaakov.Ketubbot.11:midrash.Yalkut_Shimoni_on_Nach.496:::::	::midrash.Ein_Yaakov.Shabbat.16:::::::bavli.Ketubot.191:bavli.Shabbat.235:::::
	yerushalmi.Shabbat.117		:bavli.Shabbat.234:::midrash.Ein_Yaakov.Bava Batra.1::::midrash.Ein_Yaakov.Ketubbot.11:midrash.Yalkut_Shimoni_on_Nach.496::::::	:midrash.Ein_Yaakov.Shabbat.16:::::::bavli.Ketubot.191:bavli.Shabbat.235::::::
	yerushalmi.Shabbat.117		bavli.Shabbat.234:::midrash.Ein_Yaakov.Bava Batra.1::::midrash.Ein_Yaakov.Ketubbot.11:midrash.Yalkut_Shimoni_on_Nach.496:::::::	midrash.Ein_Yaakov.Shabbat.16:::::::bavli.Ketubot.191:bavli.Shabbat.235:::::::
	yerushalmi.Shabbat.117		::midrash.Ein_Yaakov.Bava Batra.1::::midrash.Ein_Yaakov.Ketubbot.11:midrash.Yalkut_Shimoni_on_Nach.496::::::::	::::::bavli.Ketubot.191:bavli.Shabbat.235::::::::
	yerushalmi.Shabbat.117		:midrash.Ein_Yaakov.Bava Batra.1::::midrash.Ein_Yaakov.Ketubbot.11:midrash.Yalkut_Shimoni_on_Nach.496:::::::::	:::::bavli.Ketubot.191:bavli.Shabbat.235:::::::::
	yerushalmi.Shabbat.117		midrash.Ein_Yaakov.Bava Batra.1::::midrash.Ein_Yaakov.Ketubbot.11:midrash.Yalkut_Shimoni_on_Nach.496::::::::::	::::bavli.Ketubot.191:bavli.Shabbat.235::::::::::
	yerushalmi.Shabbat.117		:::midrash.Ein_Yaakov.Ketubbot.11:midrash.Yalkut_Shimoni_on_Nach.496:::::::::::	:::bavli.Ketubot.191:bavli.Shabbat.235:::::::::::
	yerushalmi.Shabbat.117		::midrash.Ein_Yaakov.Ketubbot.11:midrash.Yalkut_Shimoni_on_Nach.496::::::::::::	::bavli.Ketubot.191:bavli.Shabbat.235::::::::::::
	yerushalmi.Shabbat.117		:midrash.Ein_Yaakov.Ketubbot.11:midrash.Yalkut_Shimoni_on_Nach.496:::::::::::::	:bavli.Ketubot.191:bavli.Shabbat.235:::::::::::::
	yerushalmi.Shabbat.117		midrash.Ein_Yaakov.Ketubbot.11:midrash.Yalkut_Shimoni_on_Nach.496::::::::::::::	bavli.Ketubot.191:bavli.Shabbat.235::::::::::::::
	yerushalmi.Shabbat.117		midrash.Yalkut_Shimoni_on_Nach.496:::::::::::::::	bavli.Shabbat.235:::::::::::::::
	yerushalmi.Shabbat.117		:::::::::::::::	:::::::::::::::
	yerushalmi.Shabbat.117		:::::::::::::::	:::::::::::::::
	yerushalmi.Shabbat.117		:::::::::::::::	:::::::::::::::
	yerushalmi.Shabbat.117		:::::::::::::::	:::::::::::::::
	yerushalmi.Shabbat.117		:::::::::::::::	:::::::::::::::
	yerushalmi.Shabbat.117		:::::::::::::::	:::::::::::::::
	yerushalmi.Shabbat.117		:::::::::::::::	:::::::::::::::
	yerushalmi.Shabbat.117		:::::::::::::::	:::::::::::::::
	yerushalmi.Shabbat.117		:::::::::::::::	:::::::::::::::
	yerushalmi.Shabbat.117		:::::::::::::::	:::::::::::::::
נותנין נחלה בלא מצרים שנ' אז תתענג על ײ ˙ רב נחמ' אמ' [מו']	bavli.Berakhot.101	Ezekiel.14	::::::bavli.Shabbat.235:bavli.Shabbat.235::midrash.Midrash_Tanchuma.Eikev.7::midrash.Tanna_Debei_Eliyahu_Rabbah.27:midrash.Ein_Yaakov.Shevuot.7:bavli.Gittin.70::	::::::bavli.Berakhot.101:bavli.Berakhot.101::bavli.Arakhin.66:::midrash.Ein_Yaakov.Arakhin.1:bavli.Gittin.64::
מוצל משעבוד מלכיות ˙ כתי' התם על במתי ארץ ˙ כת' הכא ואתה	midrash.Yalkut_Shimoni_on_Torah.80	Proverbs.22	midrash.Midrash_Tanchuma.Eikev.7::midrash.Tanna_Debei_Eliyahu_Rabbah.27:midrash.Ein_Yaakov.Shevuot.7:bavli.Gittin.70:::::::midrash.Yalkut_Shimoni_on_Torah.80:::midrash.Pesikta_D'Rav_Kahanna.22:	bavli.Arakhin.66:::midrash.Ein_Yaakov.Arakhin.1:bavli.Gittin.64:::::::midrash.Yalkut_Shimoni_on_Nach.791::::
על במותימן תדרוך ˙ אמ' רב יהוד' כל המענג את השבת נותנין לו	midrash.Yalkut_Shimoni_on_Nach.496	Malachi.3	:::midrash.Yalkut_Shimoni_on_Torah.80:::midrash.Pesikta_D'Rav_Kahanna.22:::midrash.Ein_Yaakov.Okatzin.3:bavli.Chullin.185:mishnah.Shabbat.15:midrash.Yalkut_Shimoni_on_Nach.496:midrash.Yalkut_Shimoni_on_Nach.496:midrash.Yalkut_Shimoni_on_Nach.496:	:::midrash.Yalkut_Shimoni_on_Nach.791::::::midrash.Ein_Yaakov.Bava Kamma.2:bavli.Shabbat.68:midrash.Ein_Yaakov.Shabbat.3:bavli.Shabbat.235:bavli.Shabbat.235:bavli.Shabbat.235:
משאלות לבו שנ' אז תתענג על ײ ויתן לך משאלות לבך ˙ במה [מ']	midrash.Yalkut_Shimoni_on_Nach.496	Jeremiah.12	::midrash.Ein_Yaakov.Okatzin.3:bavli.Chullin.185:mishnah.Shabbat.15:midrash.Yalkut_Shimoni_on_Nach.496:midrash.Yalkut_Shimoni_on_Nach.496:midrash.Yalkut_Shimoni_on_Nach.496:bavli.Shabbat.236:::midrash.Tanna_Debei_Eliyahu_Rabbah.27::::	::midrash.Ein_Yaakov.Bava Kamma.2:bavli.Shabbat.68:midrash.Ein_Yaakov.Shabbat.3:bavli.Shabbat.235:bavli.Shabbat.235:bavli.Shabbat.235:midrash.Yalkut_Shimoni_on_Nach.496:::::::
מענגה אמ' רב יהוד בתבשיל שלתרדים זדגים גדולים וראשי [ש']	bavli.Shabbat.68		:midrash.Tanna_Debei_Eliyahu_Rabbah.27::::::bavli.Pesachim.21:bavli.Chullin.185:::::bavli.Shabbat.236::	:::::::bavli.Keritot.32:bavli.Shabbat.68:::::::
שומים ˙ אמ' רב אפי' דבר קטן והוא לכבוד שבת עשאו הרי עונג	bavli.Shabbat.236		bavli.Shabbat.236::::midrash.Ein_Yaakov.Menakhot.3:midrash.Ein_Yaakov.Okatzin.3:bavli.Menachot.75:yerushalmi.Shevuot.14::midrash.Midrash_Tanchuma.Shemot.7:midrash.Midrash_Tanchuma.Korach.6:midrash.Midrash_Tanchuma.Bereshit.3:bavli.Shabbat.236:bavli.Shabbat.236:midrash.Yalkut_Shimoni_on_Nach.496:	:::::midrash.Ein_Yaakov.Bava Kamma.2:bavli.Gittin.29::::midrash.Bemidbar_Rabbah.18:midrash.Pesikta_Rabbati.23:midrash.Yalkut_Shimoni_on_Nach.496:midrash.Yalkut_Shimoni_on_Nach.496:bavli.Shabbat.236:
מאי היא אמ' רב פפא אפי' כסא דהרסנא ˙ ולי נר' שב'מ'ה דמשום	midrash.Yalkut_Shimoni_on_Nach.496		bavli.Shabbat.236:midrash.Yalkut_Shimoni_on_Nach.496:bavli.Bava_Metzia.212:bavli.Shabbat.236:bavli.Menachot.76:yerushalmi.Horayot.17:midrash.Ein_Yaakov.Sanhedrin.5:yerushalmi.Pesachim.31::::::::	midrash.Yalkut_Shimoni_on_Nach.496:bavli.Shabbat.236:midrash.Yalkut_Shimoni_on_Nach.496:midrash.Yalkut_Shimoni_on_Nach.496:bavli.Bava_Batra.120:yerushalmi.Sukkah.50:bavli.Avodah_Zarah.119:yerushalmi.Sukkah.49::::::::
האי אוכלי' שום בערב שבת ˙ א'ר' אסי תהא חלקי ממכניסי [שב'	bavli.Bava_Kamma.163	Numbers.30	:::::::bavli.Bava_Kamma.163:bavli.Bava_Kamma.163:midrash.Ein_Yaakov.Bava Batra.1::::bavli.Shabbat.236::	:::::::midrash.Ein_Yaakov.Bava Kamma.7:bavli.Sukkah.108:::::midrash.Ein_Yaakov.Shabbat.16::
שבת בטבריא וממויני אי שבת בצפורי ˙ פי' טבריא ארין עמוקה [ומ']	midrash.Ein_Yaakov.Shabbat.16		:bavli.Shabbat.236::::bavli.Shabbat.236::::::::::	:midrash.Ein_Yaakov.Shabbat.16::::midrash.Ein_Yaakov.Shabbat.16::::::::::
ומחשכת מבעוד יום כסבורין שחשיכה ˙ וצפורי אושבת נראש [ה']	midrash.Ein_Yaakov.Shabbat.16		::::::::tosefta.Taanit.1:::::::	:::::::::::::::
ההר כצפור ועד שקיעת החמה נרא' אור גדול ˙ ר' חננא מעטף	midrash.Ein_Yaakov.Nedarim.1	Ezekiel.48	::::::::midrash.Yalkut_Shimoni_on_Nach.340:midrash.Tanna_Debei_Eliyahu_Rabbah.2::::midrash.Ein_Yaakov.Nedarim.1::	::::::::midrash.Tanna_Debei_Eliyahu_Rabbah.31:::::midrash.Pesikta_D'Rav_Kahanna.16::
וקאי אפניא דמעלי שבתא ˙ ואמ' באו ונצא לקראת שבת מלכה ˙˙	bavli.Shabbat.237		:midrash.Ein_Yaakov.Nedarim.1::bavli.Shabbat.237:bavli.Shabbat.237:bavli.Shabbat.237:bavli.Menachot.98:::::midrash.Ein_Yaakov.Bava Kamma.3:bavli.Shabbat.237:bavli.Shabbat.237:bavli.Keritot.37:	:midrash.Pesikta_D'Rav_Kahanna.16::midrash.Ein_Yaakov.Shabbat.16:midrash.Ein_Yaakov.Shabbat.16:midrash.Ein_Yaakov.Shabbat.16:bavli.Shabbat.237:::::bavli.Bava_Kamma.64:midrash.Ein_Yaakov.Shabbat.16::midrash.Yalkut_Shimoni_on_Torah.469:
ד ביר' ינאי הוה לביש מאני מעליא ומיכסי ואמ' בואי כלה בואי [כ']	bavli.Shabbat.237	Psalms.41	midrash.Ein_Yaakov.Bava Kamma.3:bavli.Shabbat.237:bavli.Shabbat.237:bavli.Keritot.37:::midrash.Yalkut_Shimoni_on_Nach.858:yerushalmi.Kilayim.88:bavli.Shabbat.237::::midrash.Ein_Yaakov.Bava Kamma.3:midrash.Ein_Yaakov.Bava Kamma.3::	bavli.Bava_Kamma.64:midrash.Ein_Yaakov.Shabbat.16::midrash.Yalkut_Shimoni_on_Torah.469:::midrash.Midrash_Tehillim.103:midrash.Midrash_Tanchuma_Buber.Kedoshim.15:midrash.Ein_Yaakov.Shabbat.16::::bavli.Bava_Kamma.64:bavli.Bava_Kamma.64::
יכלה : רבה בר רב הונא איקלע לבי רבה נר נחמן קריבו ליה תלתי	bavli.Shabbat.237	Deuteronomy.32	midrash.Ein_Yaakov.Bava Kamma.3:midrash.Ein_Yaakov.Bava Kamma.3:::::yerushalmi.Eiruvin.92:bavli.Pesachim.200:bavli.Pesachim.200:bavli.Pesachim.205:bavli.Pesachim.68:yerushalmi.Kilayim.57:midrash.Midrash_Tanchuma_Buber.Vayishlach.29:bavli.Shabbat.237:bavli.Shabbat.237:	bavli.Bava_Kamma.64:bavli.Bava_Kamma.64:::::bavli.Bava_Batra.146:bavli.Avodah_Zarah.144:bavli.Avodah_Zarah.144:bavli.Shabbat.91:bavli.Chullin.221:yerushalmi.Terumot.50:bavli.Shabbat.237:midrash.Ein_Yaakov.Shabbat.16:midrash.Ein_Yaakov.Shabbat.16:
סאין טיחויי ˙ כי הזר אמ' מי ידעיתון דאתינ' אמ' לי מי עדיפת	bavli.Shabbat.237	Genesis.20	bavli.Pesachim.68:yerushalmi.Kilayim.57:midrash.Midrash_Tanchuma_Buber.Vayishlach.29:bavli.Shabbat.237:bavli.Shabbat.237:yerushalmi.Yevamot.150::::bavli.Pesachim.99:bavli.Chullin.141:yerushalmi.Peah.35:bavli.Chullin.221::bavli.Bava_Kamma.224:	bavli.Chullin.221:yerushalmi.Terumot.50:bavli.Shabbat.237:midrash.Ein_Yaakov.Shabbat.16:midrash.Ein_Yaakov.Shabbat.16:::::bavli.Menachot.206:bavli.Niddah.105:bavli.Nedarim.59:bavli.Kiddushin.142::midrash.Midrash_Tanchuma_Buber.Emor.9:
את משבתא ˙ ר' אבא זבן בתליסר יוסתירי פשיטי בישרא :	bavli.Shabbat.237	II_Samuel.5	:bavli.Pesachim.99:bavli.Chullin.141:yerushalmi.Peah.35:bavli.Chullin.221::bavli.Bava_Kamma.224::::yerushalmi.Shabbat.48:bavli.Shabbat.237:bavli.Shabbat.237:bavli.Chullin.88:bavli.Chullin.88:	:bavli.Menachot.206:bavli.Niddah.105:bavli.Nedarim.59:bavli.Kiddushin.142::midrash.Midrash_Tanchuma_Buber.Emor.9::::bavli.Niddah.64:midrash.Ein_Yaakov.Shabbat.16:bavli.Chullin.88:bavli.Shabbat.237:bavli.Shabbat.237:
מתליסר טבחי ומשלים להו לצצורא דדשא א'ל' לשמשיה אשור	bavli.Shabbat.237		:yerushalmi.Shabbat.48:bavli.Shabbat.237:bavli.Shabbat.237:bavli.Chullin.88:bavli.Chullin.88:::bavli.Shabbat.237:bavli.Shabbat.237::::::	:bavli.Niddah.64:midrash.Ein_Yaakov.Shabbat.16:bavli.Chullin.88:bavli.Shabbat.237:bavli.Shabbat.237:::midrash.Ein_Yaakov.Shabbat.16:midrash.Ein_Yaakov.Shabbat.16::::::
הייא ˙ כלומ' התאשר מהר להכין מנה זו בתוך שאלך להביא אחרת	bavli.Bava_Batra.178	Ruth.3	:::::::::bavli.Nazir.26::bavli.Bava_Batra.178::::	:::::::::::tosefta.Peah.4::::
ב' ערבי שבתות ר' אבהו אתקנתא דדשא יתיב ˙ ומושיף נורא ˙	tosefta.Keilim_Batra.1		:::yerushalmi.Gittin.41::bavli.Eruvin.86:bavli.Bava_Metzia.104:::::::::	:::tosefta.Keilim_Batra.1::bavli.Pesachim.25:tosefta.Berakhot.3:::::::::
פי' נופח האור לכבוד השנת ˙ רב ענן לביש גונדא ˙ זתנא דני	midrash.Ein_Yaakov.Shabbat.16		:::::::::midrash.Ein_Yaakov.Ketubbot.13:bavli.Shabbat.237:bavli.Shabbat.237:::midrash.Ein_Yaakov.Zevakhim.4:	::::::::::midrash.Ein_Yaakov.Shabbat.16:midrash.Ein_Yaakov.Shabbat.16:::midrash.Ein_Yaakov.Beitzah.3:
ר' ישמעﭏ בגדים שבישל בהם קדירה לרבו ˙ אל ימזוג בו כוס [ל']	bavli.Yoma.46	Job.41	bavli.Shabbat.237:bavli.Shabbat.237:::midrash.Ein_Yaakov.Zevakhim.4:bavli.Chullin.131:bavli.Kiddushin.74:midrash.Yalkut_Shimoni_on_Torah.483:bavli.Yoma.46:bavli.Yoma.46:bavli.Yoma.46:bavli.Yoma.46::::	midrash.Ein_Yaakov.Shabbat.16:midrash.Ein_Yaakov.Shabbat.16:::midrash.Ein_Yaakov.Beitzah.3:bavli.Kiddushin.74:bavli.Chullin.131::midrash.Yalkut_Shimoni_on_Torah.483:bavli.Shabbat.227:bavli.Shabbat.227:bavli.Shabbat.227::::
לרבו ˙ גונדא כלי שחור שעשוי שלא לטנף בגדיו בבשלו הקזירה	bavli.Yoma.46		bavli.Yoma.46:::::::::::::::	bavli.Shabbat.227:::::::::::::::
רב ספרא מחרך רישא ˙ רבא מלח שיבוטא ˙ רב הונ' מדליק שרגא	bavli.Shabbat.237	II_Chronicles.16	:::::bavli.Kiddushin.81:bavli.Kiddushin.81:::bavli.Kiddushin.81:::midrash.Ein_Yaakov.Nazir.8:bavli.Shabbat.237:bavli.Shabbat.237:	:::::bavli.Shabbat.237:bavli.Shabbat.237:::bavli.Shabbat.237:::midrash.Pesikta_D'Rav_Kahanna.7:bavli.Pesachim.104:midrash.Ein_Yaakov.Shabbat.16:
רנפפא גדיל פתילתא ˙ רנ חסדא מאליק שרגא פריס סילקא [פ']	bavli.Shabbat.237	Psalms.106	::midrash.Ein_Yaakov.Nazir.8:bavli.Shabbat.237:bavli.Shabbat.237:bavli.Shabbat.237:bavli.Shabbat.237:bavli.Shabbat.237:::bavli.Zevachim.55:::::	::midrash.Pesikta_D'Rav_Kahanna.7:bavli.Pesachim.104:midrash.Ein_Yaakov.Shabbat.16:midrash.Ein_Yaakov.Shabbat.16:midrash.Ein_Yaakov.Shabbat.16:midrash.Ein_Yaakov.Shabbat.16::::::::
פריס מחתך ˙ רבה ורב יוסף מצלחי ציבי ˙ ר' זירא מצתית צתותי	bavli.Shabbat.237	Exodus.17	::::::::bavli.Ketubot.86:bavli.Shabbat.237:bavli.Shabbat.237:::bavli.Keritot.51:bavli.Shabbat.237:	::::::::bavli.Bava_Metzia.126:midrash.Ein_Yaakov.Shabbat.16:midrash.Ein_Yaakov.Shabbat.16::::midrash.Ein_Yaakov.Shabbat.16:
פי' מצית האור בעינים דקים ˙ רב נחמן בר יצחק מכתף ועייל [מ']	bavli.Shabbat.237		bavli.Keritot.51:bavli.Shabbat.237::::::::midrash.Ein_Yaakov.Shevuot.7:bavli.Pesachim.7:bavli.Pesachim.7:bavli.Yevamot.186:bavli.Shabbat.237::	:midrash.Ein_Yaakov.Shabbat.16::::::::midrash.Ein_Yaakov.Arakhin.1:midrash.Ein_Yaakov.Gittin.3:bavli.Bava_Batra.43:bavli.Gittin.89:midrash.Ein_Yaakov.Shabbat.16::
מכתף ועﭏל ונפיק ˙ מעשה ביוסף מוקר שנ'י' דהוה	bavli.Shabbat.237	Exodus.24	:midrash.Ein_Yaakov.Shevuot.7:bavli.Pesachim.7:bavli.Pesachim.7:bavli.Yevamot.186:bavli.Shabbat.237::::::::::	:midrash.Ein_Yaakov.Arakhin.1:midrash.Ein_Yaakov.Gittin.3:bavli.Bava_Batra.43:bavli.Gittin.89:midrash.Ein_Yaakov.Shabbat.16::::::::::
ההוא גוי בשיבבותיה דהוה נפיסוי נכסי טובא [א]	bavli.Shabbat.237		::::::::bavli.Shabbat.160:bavli.Shabbat.160:bavli.Shabbat.237:bavli.Shabbat.237:bavli.Shabbat.237:bavli.Shabbat.237::	::::::::bavli.Shabbat.237:bavli.Shabbat.237:midrash.Yalkut_Shimoni_on_Nach.496:midrash.Yalkut_Shimoni_on_Nach.496:midrash.Yalkut_Shimoni_on_Torah.16:midrash.Yalkut_Shimoni_on_Torah.16::
אמרי ליה כלדאי כולהו ננסין ליוסף מוקר שני ואכלי ליה אזל [ונ']	bavli.Shabbat.237		bavli.Shabbat.237:bavli.Shabbat.237::midrash.Yalkut_Shimoni_on_Torah.21:midrash.Yalkut_Shimoni_on_Torah.229:bavli.Shabbat.312:bavli.Shabbat.237::::bavli.Shabbat.237:bavli.Berakhot.104::bavli.Chullin.204::	midrash.Yalkut_Shimoni_on_Torah.16:midrash.Yalkut_Shimoni_on_Torah.16:::bavli.Avodah_Zarah.21:bavli.Shabbat.237:midrash.Yalkut_Shimoni_on_Nach.496::::midrash.Yalkut_Shimoni_on_Nach.496:::::
ובנינהו לנכסי וזבן בהן מרגניתא ˙ אותביה נסדיניה בהדי דקא	bavli.Shabbat.237		bavli.Shabbat.237:bavli.Berakhot.104::bavli.Chullin.204::::midrash.Yalkut_Shimoni_on_Torah.16:midrash.Yalkut_Shimoni_on_Torah.16:bavli.Shabbat.237::::bavli.Shabbat.237:bavli.Shabbat.237:	midrash.Yalkut_Shimoni_on_Nach.496:::::::midrash.Ein_Yaakov.Shabbat.16:midrash.Ein_Yaakov.Shabbat.16:midrash.Yalkut_Shimoni_on_Nach.496::::midrash.Yalkut_Shimoni_on_Nach.496:midrash.Yalkut_Shimoni_on_Nach.496:
אדיל ועבר נהרא אפרחא זיקא לסדיניה שדיא במיא ˙ בלעי' [ההו']	bavli.Shabbat.237	Ezra.6	:::bavli.Shabbat.237:bavli.Shabbat.237:bavli.Avodah_Zarah.148::::midrash.Yalkut_Shimoni_on_Torah.16::::::	:::midrash.Yalkut_Shimoni_on_Nach.496:midrash.Yalkut_Shimoni_on_Nach.496:midrash.Ein_Yaakov.Bekhorot.5::::::::::
נובא ˙ יוסקוה ואייתוה אפניא דמעלי שבתא אמר מאי זבין כי [ה']	bavli.Shabbat.237		:::::::bavli.Shabbat.237:bavli.Shabbat.237:bavli.Menachot.98:bavli.Shabbat.237:bavli.Menachot.105:bavli.Shabbat.237:bavli.Shabbat.237::	:::::::::bavli.Shabbat.237:bavli.Yoma.167:bavli.Eruvin.207:midrash.Yalkut_Shimoni_on_Nach.496:midrash.Yalkut_Shimoni_on_Nach.496::
